game_id,week,start_date,neutral_site,home_team,away_team,pred_margin,home_win_prob,favored_team,favored_win_prob,forecast_season
401856766,1,2026-08-29T16:00:00.000Z,True,TCU,North Carolina,0.8,0.5015363795729793,TCU,0.5015363795729793,2026
401864494,1,2026-08-29T19:00:00.000Z,False,USC,San José State,22.54,0.8967622102569199,USC,0.8967622102569199,2026
401858202,1,2026-08-29T19:30:00.000Z,False,Virginia,NC State,16.04,0.8201201402533991,Virginia,0.8201201402533991,2026
401858201,1,2026-08-29T23:00:00.000Z,False,Stanford,Hawai'i,3.02,0.5562943520271909,Stanford,0.5562943520271909,2026
401864570,1,2026-08-29T23:00:00.000Z,False,Florida State,New Mexico State,19.63,0.8667735255213633,Florida State,0.8667735255213633,2026
401862693,1,2026-08-30T02:00:00.000Z,False,UNLV,Memphis,-1.53,0.4438279326602959,Memphis,0.5561720673397041,2026
401858423,1,2026-09-03T22:00:00.000Z,False,Rutgers,Massachusetts,7.39,0.6591778297396457,Rutgers,0.6591778297396457,2026
401858204,1,2026-09-03T23:00:00.000Z,False,Wake Forest,Akron,19.23,0.8621045379801892,Wake Forest,0.8621045379801892,2026
401856776,1,2026-09-04T00:00:00.000Z,False,Georgia Tech,Colorado,5.13,0.6070630306909465,Georgia Tech,0.6070630306909465,2026
401858424,1,2026-09-04T01:00:00.000Z,False,Illinois,UAB,21.29,0.8846823488696858,Illinois,0.8846823488696858,2026
401864495,1,2026-09-04T22:30:00.000Z,False,Eastern Michigan,San José State,-3.81,0.3889763372907361,San José State,0.6110236627092639,2026
401858429,1,2026-09-05T00:00:00.000Z,False,Michigan State,Toledo,5.59,0.6178815591198342,Michigan State,0.6178815591198342,2026
401858206,1,2026-09-05T01:00:00.000Z,False,Stanford,Miami,-26.21,0.06461103334104558,Miami,0.9353889666589544,2026
401858436,1,2026-09-05T01:00:00.000Z,False,USC,Fresno State,26.86,0.930193712482181,USC,0.930193712482181,2026
401856664,1,2026-09-05T04:00:00.000Z,False,Oklahoma,UTEP,38.13,0.9760438286376956,Oklahoma,0.9760438286376956,2026
401858207,1,2026-09-05T16:00:00.000Z,False,Pittsburgh,Miami (OH),28.76,0.9414984165274354,Pittsburgh,0.9414984165274354,2026
401856634,1,2026-09-05T16:00:00.000Z,False,Alabama,East Carolina,23.7,0.9068731444724457,Alabama,0.9068731444724457,2026
401858425,1,2026-09-05T16:00:00.000Z,False,Indiana,North Texas,27.26,0.9327465466748699,Indiana,0.9327465466748699,2026
401858430,1,2026-09-05T16:00:00.000Z,False,Nebraska,Ohio,22.42,0.8956166086379282,Nebraska,0.8956166086379282,2026
401869960,1,2026-09-05T16:00:00.000Z,False,James Madison,Liberty,9.95,0.7135450039568184,James Madison,0.7135450039568184,2026
401856778,1,2026-09-05T16:00:00.000Z,False,Houston,Oregon State,13.16,0.7740377853698842,Houston,0.7740377853698842,2026
401856780,1,2026-09-05T16:00:00.000Z,False,West Virginia,Coastal Carolina,10.72,0.728897540862389,West Virginia,0.728897540862389,2026
401858432,1,2026-09-05T16:30:00.000Z,False,Ohio State,Ball State,47.99,0.9908496728850047,Ohio State,0.9908496728850047,2026
401856665,1,2026-09-05T16:45:00.000Z,False,South Carolina,Kent State,43.26,0.9854497361868597,South Carolina,0.9854497361868597,2026
401858434,1,2026-09-05T19:30:00.000Z,False,Penn State,Marshall,33.85,0.963827978553356,Penn State,0.963827978553356,2026
401856636,1,2026-09-05T19:30:00.000Z,True,Auburn,Baylor,5.33,0.6119098155550805,Auburn,0.6119098155550805,2026
401856667,1,2026-09-05T19:30:00.000Z,False,Texas,Texas State,32.09,0.9572431521783507,Texas,0.9572431521783507,2026
401858209,1,2026-09-05T19:30:00.000Z,False,Duke,Tulane,10.54,0.7254068444405992,Duke,0.7254068444405992,2026
401858433,1,2026-09-05T19:30:00.000Z,False,Oregon,Boise State,13.86,0.7859591257506963,Oregon,0.7859591257506963,2026
401856777,1,2026-09-05T19:30:00.000Z,False,Cincinnati,Boston College,13.59,0.7814175168926388,Cincinnati,0.7814175168926388,2026
401856772,1,2026-09-05T19:45:00.000Z,False,Tulsa,Oklahoma State,8.56,0.6846804635912165,Tulsa,0.6846804635912165,2026
401858426,1,2026-09-05T20:15:00.000Z,False,Iowa,Northern Illinois,34.55,0.9661616739833889,Iowa,0.9661616739833889,2026
401860878,1,2026-09-05T22:00:00.000Z,False,Colorado State,Wyoming,12.63,0.764639100774747,Colorado State,0.764639100774747,2026
401862699,1,2026-09-05T23:00:00.000Z,False,South Florida,Florida International,15.7,0.8150815085062821,South Florida,0.8150815085062821,2026
401870763,1,2026-09-05T23:00:00.000Z,False,Troy,Sam Houston,10.04,0.7154119338197662,Troy,0.7154119338197662,2026
401856668,1,2026-09-05T23:00:00.000Z,False,Texas A&M,Missouri State,38.6,0.9770936371333725,Texas A&M,0.9770936371333725,2026
401862695,1,2026-09-05T23:00:00.000Z,False,Memphis,Arkansas State,18.94,0.8586322188941348,Memphis,0.8586322188941348,2026
401858428,1,2026-09-05T23:30:00.000Z,False,Michigan,Western Michigan,9.22,0.6985516688841076,Michigan,0.6985516688841076,2026
401856662,1,2026-09-05T23:30:00.000Z,False,Mississippi State,UL Monroe,37.2,0.9737749343508922,Mississippi State,0.9737749343508922,2026
401856660,1,2026-09-05T23:30:00.000Z,False,LSU,Clemson,22.73,0.8984854741325199,LSU,0.8984854741325199,2026
401856637,1,2026-09-05T23:45:00.000Z,False,Florida,Florida Atlantic,30.21,0.9489011957347884,Florida,0.9489011957347884,2026
401864497,1,2026-09-06T02:00:00.000Z,False,Hawai'i,UNLV,-7.21,0.31244911502215855,UNLV,0.6875508849778414,2026
401864498,1,2026-09-06T02:00:00.000Z,False,New Mexico,Central Michigan,20.46,0.876038623180021,New Mexico,0.876038623180021,2026
401858210,1,2026-09-06T02:30:00.000Z,False,California,UCLA,-9.09,0.2739011957648484,UCLA,0.7260988042351516,2026
401864432,1,2026-09-06T02:30:00.000Z,False,Nevada,Western Kentucky,16.96,0.8330754190880935,Nevada,0.8330754190880935,2026
401858437,1,2026-09-06T20:00:00.000Z,False,Washington,Washington State,14.08,0.7896192740743692,Washington,0.7896192740743692,2026
401858438,1,2026-09-06T23:30:00.000Z,True,Wisconsin,Notre Dame,5.76,0.6217745038988494,Wisconsin,0.6217745038988494,2026
401856661,1,2026-09-06T23:30:00.000Z,True,Ole Miss,Louisville,5.26,0.6102305042209943,Ole Miss,0.6102305042209943,2026
401858212,1,2026-09-07T23:30:00.000Z,False,Florida State,SMU,-0.39,0.4720009491912247,SMU,0.5279990508087753,2026
401858214,2,2026-09-11T23:30:00.000Z,False,Boston College,Rutgers,8.88,0.6913696239707364,Boston College,0.6913696239707364,2026
401856678,2,2026-09-12T00:00:00.000Z,False,Kansas,Missouri,-1.85,0.4361501807639267,Missouri,0.5638498192360732,2026
401864578,2,2026-09-12T04:00:00.000Z,False,Hawai'i,New Mexico State,4.02,0.5805140421209508,Hawai'i,0.5805140421209508,2026
401856671,2,2026-09-12T04:00:00.000Z,False,Auburn,Southern Miss,22.02,0.8918322122285486,Auburn,0.8918322122285486,2026
401856683,2,2026-09-12T16:00:00.000Z,False,Texas A&M,Arizona State,20.55,0.8769330972257362,Texas A&M,0.8769330972257362,2026
401856782,2,2026-09-12T16:00:00.000Z,False,Oklahoma State,Oregon,-17.82,0.13702879928302583,Oregon,0.8629712007169742,2026
401858442,2,2026-09-12T16:00:00.000Z,False,Temple,Penn State,-21.33,0.10078820233940607,Penn State,0.8992117976605939,2026
401862702,2,2026-09-12T16:00:00.000Z,False,Army,South Florida,-0.24,0.47569858647443436,South Florida,0.5243014135255657,2026
401858224,2,2026-09-12T16:00:00.000Z,False,Purdue,Wake Forest,2.46,0.5425161201035783,Purdue,0.5425161201035783,2026
401856679,2,2026-09-12T16:00:00.000Z,False,Michigan,Oklahoma,-10.75,0.24240708060480212,Oklahoma,0.7575929193951979,2026
401864571,2,2026-09-12T16:00:00.000Z,False,East Carolina,App State,8.59,0.6851792115115964,East Carolina,0.6851792115115964,2026
401856781,2,2026-09-12T16:00:00.000Z,False,Kansas State,Washington State,7.5,0.6615981334359139,Kansas State,0.6615981334359139,2026
401858221,2,2026-09-12T16:00:00.000Z,False,Virginia Tech,Old Dominion,-0.41,0.4714106183194942,Old Dominion,0.5285893816805058,2026
401856673,2,2026-09-12T16:45:00.000Z,False,Georgia,Western Kentucky,30.71,0.9512396734526275,Georgia,0.9512396734526275,2026
401859184,2,2026-09-12T19:30:00.000Z,False,Notre Dame,Rice,20.21,0.8732707237968089,Notre Dame,0.8732707237968089,2026
401858446,2,2026-09-12T19:30:00.000Z,False,Washington,Utah State,19.22,0.8619569675442181,Washington,0.8619569675442181,2026
401858216,2,2026-09-12T19:30:00.000Z,False,Syracuse,California,6.48,0.638571577825041,Syracuse,0.638571577825041,2026
401862708,2,2026-09-12T19:30:00.000Z,False,UAB,UL Monroe,14.64,0.7986559208302924,UAB,0.7986559208302924,2026
401858217,2,2026-09-12T19:30:00.000Z,False,Illinois,Duke,5.86,0.6241699024101902,Illinois,0.6241699024101902,2026
401856677,2,2026-09-12T19:30:00.000Z,False,Minnesota,Mississippi State,-9.55,0.2649814605540157,Mississippi State,0.7350185394459843,2026
401856674,2,2026-09-12T19:30:00.000Z,False,Kentucky,Alabama,-9.0,0.2756957703675927,Alabama,0.7243042296324074,2026
401856810,2,2026-09-12T19:30:00.000Z,False,BYU,Arizona,4.08,0.5820636754740097,BYU,0.5820636754740097,2026
401858444,2,2026-09-12T19:30:00.000Z,False,UConn,Maryland,0.47,0.4933130303505054,Maryland,0.5066869696494947,2026
401856790,2,2026-09-12T19:30:00.000Z,False,Pittsburgh,UCF,16.8,0.8309426433815429,Pittsburgh,0.8309426433815429,2026
401860884,2,2026-09-12T19:30:00.000Z,False,Texas State,UTSA,-7.52,0.30599330914696854,UTSA,0.6940066908530315,2026
401858440,2,2026-09-12T19:30:00.000Z,False,Michigan State,Eastern Michigan,17.93,0.8460560274585663,Michigan State,0.8460560274585663,2026
401862705,2,2026-09-12T19:45:00.000Z,False,North Texas,UNLV,3.7,0.5727475855498737,North Texas,0.5727475855498737,2026
401856684,2,2026-09-12T20:15:00.000Z,False,Vanderbilt,Delaware,28.42,0.9395927755555199,Vanderbilt,0.9395927755555199,2026
401860881,2,2026-09-12T22:00:00.000Z,False,Boise State,Memphis,0.62,0.49691530532693023,Memphis,0.5030846946730698,2026
401866418,2,2026-09-12T22:00:00.000Z,False,Ohio,Jacksonville State,2.51,0.5437495891135521,Ohio,0.5437495891135521,2026
401866414,2,2026-09-12T22:00:00.000Z,False,Florida International,Buffalo,1.17,0.510589127857162,Florida International,0.510589127857162,2026
401858441,2,2026-09-12T23:00:00.000Z,False,Nebraska,Bowling Green,20.17,0.87279666316711,Nebraska,0.87279666316711,2026
401871045,2,2026-09-12T23:00:00.000Z,False,Marshall,Middle Tennessee,5.62,0.6186596027724058,Marshall,0.6186596027724058,2026
401862707,2,2026-09-12T23:00:00.000Z,False,Sam Houston,Tulsa,-8.79,0.2798629437788548,Tulsa,0.7201370562211452,2026
401856681,2,2026-09-12T23:00:00.000Z,False,Georgia Tech,Tennessee,-6.28,0.33259127204688904,Tennessee,0.6674087279531109,2026
401869955,2,2026-09-12T23:00:00.000Z,False,Kennesaw State,Georgia State,8.77,0.6890942250681749,Kennesaw State,0.6890942250681749,2026
401864575,2,2026-09-12T23:00:00.000Z,False,Tulane,South Alabama,10.75,0.7295026149380285,Tulane,0.7295026149380285,2026
401858443,2,2026-09-12T23:15:00.000Z,False,UCLA,San Diego State,4.59,0.5942990363895834,UCLA,0.5942990363895834,2026
401856682,2,2026-09-12T23:30:00.000Z,False,Texas,Ohio State,-0.0,0.48150999625229096,Ohio State,0.518490003747709,2026
401858219,2,2026-09-12T23:30:00.000Z,False,Clemson,Georgia Southern,12.53,0.7630123317177105,Clemson,0.7630123317177105,2026
401867796,2,2026-09-12T23:30:00.000Z,False,LSU,Louisiana Tech,25.42,0.9203206521173474,LSU,0.9203206521173474,2026
401862703,2,2026-09-12T23:30:00.000Z,False,Florida Atlantic,Navy,-6.99,0.3172941570622922,Navy,0.6827058429377078,2026
401856783,2,2026-09-12T23:30:00.000Z,False,Oregon State,Texas Tech,-22.86,0.08785321616403056,Texas Tech,0.9121467838359695,2026
401856788,2,2026-09-12T23:30:00.000Z,False,Iowa,Iowa State,15.21,0.8075951769937154,Iowa,0.8075951769937154,2026
401856676,2,2026-09-12T23:45:00.000Z,False,Ole Miss,Charlotte,34.33,0.9654610515855527,Ole Miss,0.9654610515855527,2026
401856670,2,2026-09-13T02:15:00.000Z,False,Utah,Arkansas,5.62,0.6185296056380033,Utah,0.6185296056380033,2026
401858445,2,2026-09-13T03:00:00.000Z,False,USC,Louisiana,27.24,0.932571124661461,USC,0.932571124661461,2026
401858225,3,2026-09-17T23:30:00.000Z,False,Pittsburgh,Syracuse,24.45,0.9130064951856003,Pittsburgh,0.9130064951856003,2026
401858226,3,2026-09-18T23:30:00.000Z,False,Wake Forest,Miami,-13.07,0.20278068996174514,Miami,0.7972193100382549,2026
401856811,3,2026-09-19T00:00:00.000Z,False,Texas Tech,Houston,20.97,0.8813497885226689,Texas Tech,0.8813497885226689,2026
401869940,3,2026-09-19T15:30:00.000Z,False,Delaware,Coastal Carolina,4.28,0.5868989208065036,Delaware,0.5868989208065036,2026
401856792,3,2026-09-19T16:00:00.000Z,False,Kansas State,Tulane,12.13,0.7556167646506541,Kansas State,0.7556167646506541,2026
401858229,3,2026-09-19T16:00:00.000Z,False,Clemson,North Carolina,2.73,0.5491584748804664,Clemson,0.5491584748804664,2026
401856686,3,2026-09-19T16:00:00.000Z,False,Arkansas,Georgia,0.23,0.4873812641963885,Georgia,0.5126187358036115,2026
401858456,3,2026-09-19T16:00:00.000Z,False,Penn State,Buffalo,31.08,0.9529361799367903,Penn State,0.9529361799367903,2026
401858451,3,2026-09-19T16:00:00.000Z,False,Minnesota,Akron,15.51,0.812134195614887,Minnesota,0.812134195614887,2026
401856798,3,2026-09-19T16:00:00.000Z,False,Iowa State,Bowling Green,18.2,0.8495332927678224,Iowa State,0.8495332927678224,2026
401858454,3,2026-09-19T16:00:00.000Z,False,Ohio State,Kent State,50.63,0.9929377940277611,Ohio State,0.9929377940277611,2026
401856812,3,2026-09-19T16:00:00.000Z,True,Arizona State,Kansas,-4.35,0.37644019587327,Kansas,0.6235598041267301,2026
401858460,3,2026-09-19T16:30:00.000Z,False,Wisconsin,Eastern Michigan,26.04,0.9247461653205828,Wisconsin,0.9247461653205828,2026
401856689,3,2026-09-19T16:45:00.000Z,False,Missouri,Troy,24.53,0.9136538850194068,Missouri,0.9136538850194068,2026
401856695,3,2026-09-19T16:45:00.000Z,False,Vanderbilt,NC State,20.13,0.8723808963740936,Vanderbilt,0.8723808963740936,2026
401864508,3,2026-09-19T17:00:00.000Z,False,Central Michigan,Wyoming,1.22,0.5117784709497227,Central Michigan,0.5117784709497227,2026
401862774,3,2026-09-19T19:00:00.000Z,False,Toledo,Temple,7.63,0.6643476694128658,Toledo,0.6643476694128658,2026
401856685,3,2026-09-19T19:30:00.000Z,False,Alabama,Florida State,14.22,0.7919274440706279,Alabama,0.7919274440706279,2026
401858230,3,2026-09-19T19:30:00.000Z,False,Louisville,SMU,2.6,0.5459053431496489,Louisville,0.5459053431496489,2026
401858450,3,2026-09-19T19:30:00.000Z,False,Michigan,UTEP,23.63,0.9062731221019895,Michigan,0.9062731221019895,2026
401856801,3,2026-09-19T19:30:00.000Z,False,Utah,Utah State,19.73,0.8678648971228503,Utah,0.8678648971228503,2026
401856797,3,2026-09-19T19:30:00.000Z,False,Cincinnati,Miami (OH),21.23,0.8840463445023601,Cincinnati,0.8840463445023601,2026
401856694,3,2026-09-19T19:30:00.000Z,False,Texas A&M,Kentucky,18.25,0.8501417608589817,Texas A&M,0.8501417608589817,2026
401858457,3,2026-09-19T19:30:00.000Z,False,Rutgers,USC,-19.86,0.11484919715884517,USC,0.8851508028411548,2026
401866422,3,2026-09-19T20:00:00.000Z,False,Liberty,Ball State,20.96,0.8812726677084485,Liberty,0.8812726677084485,2026
401858231,3,2026-09-19T20:00:00.000Z,False,Duke,Stanford,19.36,0.8636761574444187,Duke,0.8636761574444187,2026
401858449,3,2026-09-19T20:00:00.000Z,False,Indiana,Western Kentucky,39.91,0.9798436195427126,Indiana,0.9798436195427126,2026
401867804,3,2026-09-19T20:00:00.000Z,False,Baylor,Louisiana Tech,12.57,0.763599440823573,Baylor,0.763599440823573,2026
401856691,3,2026-09-19T20:15:00.000Z,False,South Carolina,Mississippi State,7.61,0.6639702722347613,South Carolina,0.6639702722347613,2026
401862771,3,2026-09-19T22:00:00.000Z,False,Florida Atlantic,Florida International,-0.46,0.4701935166624445,Florida International,0.5298064833375555,2026
401864574,3,2026-09-19T22:00:00.000Z,False,App State,Charlotte,11.78,0.7491561273699783,App State,0.7491561273699783,2026
401862710,3,2026-09-19T22:00:00.000Z,False,Old Dominion,East Carolina,7.2,0.6548870656298433,Old Dominion,0.6548870656298433,2026
401871047,3,2026-09-19T22:30:00.000Z,False,Missouri State,Marshall,-4.88,0.364222092621615,Marshall,0.635777907378385,2026
401861963,3,2026-09-19T23:00:00.000Z,False,Southern Miss,UConn,-4.65,0.3695295312543191,UConn,0.6304704687456809,2026
401864443,3,2026-09-19T23:00:00.000Z,False,Middle Tennessee,Nevada,-7.97,0.29665819040117325,Nevada,0.7033418095988268,2026
401862773,3,2026-09-19T23:00:00.000Z,False,Rice,Western Michigan,-6.0,0.3388589852506954,Western Michigan,0.6611410147493046,2026
401856800,3,2026-09-19T23:00:00.000Z,False,UCF,Georgia State,18.93,0.8585010928566944,UCF,0.8585010928566944,2026
401869948,3,2026-09-19T23:00:00.000Z,False,Jacksonville State,Georgia Southern,3.94,0.5786731544639218,Jacksonville State,0.5786731544639218,2026
401866423,3,2026-09-19T23:00:00.000Z,False,South Alabama,Ohio,5.81,0.6230644776911209,South Alabama,0.6230644776911209,2026
401856687,3,2026-09-19T23:00:00.000Z,False,Auburn,Florida,0.07,0.4833525101078984,Florida,0.5166474898921016,2026
401856802,3,2026-09-19T23:30:00.000Z,True,West Virginia,Virginia,-14.15,0.18600505732820258,Virginia,0.8139949426717974,2026
401856795,3,2026-09-19T23:30:00.000Z,False,Colorado State,BYU,-6.99,0.3171705306118116,BYU,0.6828294693881884,2026
401858232,3,2026-09-19T23:30:00.000Z,False,Maryland,Virginia Tech,12.1,0.7551638438199008,Maryland,0.7551638438199008,2026
401856796,3,2026-09-19T23:30:00.000Z,False,Northwestern,Colorado,8.19,0.6767070247658462,Northwestern,0.6767070247658462,2026
401858453,3,2026-09-19T23:30:00.000Z,False,Notre Dame,Michigan State,6.12,0.6301442635327437,Notre Dame,0.6301442635327437,2026
401856690,3,2026-09-19T23:30:00.000Z,False,Oklahoma,New Mexico,19.78,0.8684296151899802,Oklahoma,0.8684296151899802,2026
401856688,3,2026-09-19T23:30:00.000Z,False,Ole Miss,LSU,-0.24,0.47570110439453184,LSU,0.5242988956054682,2026
401856692,3,2026-09-19T23:45:00.000Z,False,Tennessee,Kennesaw State,25.14,0.918295657741147,Tennessee,0.918295657741147,2026
401856799,3,2026-09-20T00:00:00.000Z,False,TCU,Arkansas State,13.38,0.7779080205528901,TCU,0.7779080205528901,2026
401856693,3,2026-09-20T00:00:00.000Z,False,Texas,UTSA,20.82,0.8798289780575733,Texas,0.8798289780575733,2026
401862776,3,2026-09-20T00:00:00.000Z,False,Louisiana,UAB,5.34,0.6120708069577481,Louisiana,0.6120708069577481,2026
401860889,3,2026-09-20T02:00:00.000Z,False,Texas State,North Texas,-6.03,0.33808824396737197,North Texas,0.661911756032628,2026
401860887,3,2026-09-20T02:00:00.000Z,False,San Diego State,James Madison,3.35,0.5642840895544033,San Diego State,0.5642840895544033,2026
401856793,3,2026-09-20T02:30:00.000Z,False,Arizona,Northern Illinois,24.4,0.9126227273909358,Arizona,0.9126227273909358,2026
401858458,3,2026-09-20T03:00:00.000Z,False,UCLA,Purdue,5.44,0.614493436718839,UCLA,0.614493436718839,2026
401860888,3,2026-09-20T03:00:00.000Z,False,San José State,Fresno State,8.07,0.6740831266304027,San José State,0.6740831266304027,2026
401869941,4,2026-09-24T23:30:00.000Z,False,Coastal Carolina,Liberty,-4.32,0.3771495410111349,Liberty,0.622850458988865,2026
401862779,4,2026-09-25T20:00:00.000Z,False,Temple,Army,0.63,0.49717220826766095,Army,0.502827791732339,2026
401862778,4,2026-09-25T23:00:00.000Z,False,UAB,Navy,-5.12,0.3586769303422609,Navy,0.6413230696577391,2026
401858461,4,2026-09-26T00:00:00.000Z,False,Indiana,Northwestern,23.58,0.9058633544015526,Indiana,0.9058633544015526,2026
401858234,4,2026-09-26T02:30:00.000Z,False,California,Clemson,-5.16,0.3577469205386724,Clemson,0.6422530794613276,2026
401860896,4,2026-09-26T04:00:00.000Z,False,UTSA,Colorado State,9.52,0.7047750794254146,UTSA,0.7047750794254146,2026
401858464,4,2026-09-26T04:00:00.000Z,False,Michigan State,Nebraska,-1.63,0.44145792709743714,Nebraska,0.5585420729025629,2026
401858470,4,2026-09-26T04:00:00.000Z,False,Washington,Minnesota,18.1,0.8482701536045919,Washington,0.8482701536045919,2026
401858469,4,2026-09-26T04:00:00.000Z,False,USC,Oregon,5.04,0.6048744273302475,USC,0.6048744273302475,2026
401856805,4,2026-09-26T04:00:00.000Z,False,Texas Tech,Sam Houston,38.17,0.9761228554959445,Texas Tech,0.9761228554959445,2026
401864509,4,2026-09-26T04:00:00.000Z,False,Nevada,Air Force,4.93,0.6023900907397354,Nevada,0.6023900907397354,2026
401858463,4,2026-09-26T04:00:00.000Z,False,Michigan,Iowa,-9.99,0.25645022240135323,Iowa,0.7435497775986468,2026
401864512,4,2026-09-26T04:00:00.000Z,False,Akron,UNLV,-10.27,0.2512670231996814,UNLV,0.7487329768003186,2026
401858467,4,2026-09-26T04:00:00.000Z,False,Purdue,Notre Dame,0.19,0.4864458691141815,Notre Dame,0.5135541308858185,2026
401858465,4,2026-09-26T04:00:00.000Z,False,Ohio State,Illinois,20.0,0.8709369832906985,Ohio State,0.8709369832906985,2026
401869931,4,2026-09-26T04:00:00.000Z,False,Arkansas State,Kennesaw State,4.65,0.595629404336531,Arkansas State,0.595629404336531,2026
401858466,4,2026-09-26T04:00:00.000Z,False,Penn State,Wisconsin,15.02,0.8046694196453782,Penn State,0.8046694196453782,2026
401862784,4,2026-09-26T04:00:00.000Z,False,Tulane,Southern Miss,9.77,0.7099196331224552,Tulane,0.7099196331224552,2026
401856696,4,2026-09-26T04:00:00.000Z,False,Alabama,South Carolina,3.98,0.5796130146191425,Alabama,0.5796130146191425,2026
401862785,4,2026-09-26T04:00:00.000Z,False,Bowling Green,South Florida,-8.69,0.28195914704194336,South Florida,0.7180408529580566,2026
401862782,4,2026-09-26T04:00:00.000Z,False,UL Monroe,Florida Atlantic,-5.26,0.35544370948616416,Florida Atlantic,0.6445562905138358,2026
401856816,4,2026-09-26T04:00:00.000Z,False,Iowa State,Utah,-4.05,0.3833421100817453,Utah,0.6166578899182547,2026
401856815,4,2026-09-26T04:00:00.000Z,False,UCF,TCU,3.39,0.5652749477944934,UCF,0.5652749477944934,2026
401858239,4,2026-09-26T04:00:00.000Z,False,Virginia,Delaware,24.34,0.9120818490731556,Virginia,0.9120818490731556,2026
401856813,4,2026-09-26T04:00:00.000Z,False,Baylor,Colorado,8.6,0.6855021099070241,Baylor,0.6855021099070241,2026
401858241,4,2026-09-26T04:00:00.000Z,False,SMU,Missouri State,30.54,0.9504564754559814,SMU,0.9504564754559814,2026
401858243,4,2026-09-26T04:00:00.000Z,False,Louisville,Wake Forest,9.94,0.7134060144637479,Louisville,0.7134060144637479,2026
401856806,4,2026-09-26T04:00:00.000Z,False,Georgia Southern,Houston,-7.26,0.31148908504072026,Houston,0.6885109149592797,2026
401860893,4,2026-09-26T04:00:00.000Z,False,Toledo,San Diego State,2.27,0.5378142601289696,Toledo,0.5378142601289696,2026
401860897,4,2026-09-26T04:00:00.000Z,False,Western Michigan,Boise State,-1.38,0.44754553434544814,Boise State,0.5524544656545518,2026
401856702,4,2026-09-26T04:00:00.000Z,False,LSU,Texas A&M,3.8,0.5751623934217969,LSU,0.5751623934217969,2026
401869961,4,2026-09-26T04:00:00.000Z,False,Old Dominion,James Madison,0.96,0.5054208403173786,Old Dominion,0.5054208403173786,2026
401856703,4,2026-09-26T04:00:00.000Z,False,Mississippi State,Missouri,4.78,0.5987161104640416,Mississippi State,0.5987161104640416,2026
401864572,4,2026-09-26T04:00:00.000Z,False,NC State,App State,9.38,0.7019872617462102,NC State,0.7019872617462102,2026
401856699,4,2026-09-26T04:00:00.000Z,False,Florida,Ole Miss,3.92,0.5780962366230251,Florida,0.5780962366230251,2026
401866425,4,2026-09-26T04:00:00.000Z,False,Kent State,Ball State,1.12,0.5094140670305649,Kent State,0.5094140670305649,2026
401856881,4,2026-09-26T04:00:00.000Z,False,West Virginia,Oklahoma State,7.18,0.6543589285343223,West Virginia,0.6543589285343223,2026
401856700,4,2026-09-26T04:00:00.000Z,False,Georgia,Oklahoma,1.01,0.5067658042160368,Georgia,0.5067658042160368,2026
401858242,4,2026-09-26T04:00:00.000Z,False,Boston College,Virginia Tech,4.36,0.5886647587241814,Boston College,0.5886647587241814,2026
401856814,4,2026-09-26T04:00:00.000Z,False,Cincinnati,Kansas State,3.15,0.5593281704527625,Cincinnati,0.5593281704527625,2026
401861970,4,2026-09-26T04:00:00.000Z,False,Miami (OH),UConn,-8.34,0.2888605852587767,UConn,0.7111394147412233,2026
401856698,4,2026-09-26T04:00:00.000Z,False,Auburn,Vanderbilt,0.79,0.5011482391237538,Auburn,0.5011482391237538,2026
401864511,4,2026-09-26T04:00:00.000Z,False,Georgia State,Northern Illinois,2.52,0.5440347837239203,Georgia State,0.5440347837239203,2026
401862780,4,2026-09-26T04:00:00.000Z,False,Charlotte,Louisiana,-3.99,0.3849258471199531,Louisiana,0.615074152880047,2026
401858462,4,2026-09-26T04:00:00.000Z,False,Maryland,UCLA,4.71,0.5970560818357642,Maryland,0.5970560818357642,2026
401856704,4,2026-09-26T16:00:00.000Z,False,Tennessee,Texas,-4.13,0.3814981595255651,Texas,0.6185018404744349,2026
401864576,4,2026-09-26T16:45:00.000Z,False,Kentucky,South Alabama,15.98,0.81920290588025,Kentucky,0.81920290588025,2026
401864510,4,2026-09-26T19:00:00.000Z,False,Wyoming,Hawai'i,1.52,0.5191971914406752,Wyoming,0.5191971914406752,2026
401864579,4,2026-09-26T19:30:00.000Z,False,New Mexico State,New Mexico,-8.44,0.2869419598671435,New Mexico,0.7130580401328566,2026
401858238,4,2026-09-26T22:30:00.000Z,False,Miami,Central Michigan,37.77,0.975184507044382,Miami,0.975184507044382,2026
401871048,4,2026-09-26T23:00:00.000Z,False,Jacksonville State,Middle Tennessee,4.3,0.5873081814934319,Jacksonville State,0.5873081814934319,2026
401860894,4,2026-09-26T23:30:00.000Z,False,Utah State,Troy,11.14,0.7370771814870128,Utah State,0.7370771814870128,2026
401856804,4,2026-09-26T23:30:00.000Z,False,Washington State,Arizona,-0.58,0.46718872258170857,Arizona,0.5328112774182914,2026
401856697,4,2026-09-27T00:00:00.000Z,False,Arkansas,Tulsa,18.98,0.8592179277959509,Arkansas,0.8592179277959509,2026
401860895,4,2026-09-27T01:00:00.000Z,False,UTEP,Oregon State,-4.38,0.37574352249348475,Oregon State,0.6242564775065153,2026
401860891,4,2026-09-27T02:00:00.000Z,False,Fresno State,Rice,6.93,0.648729272171947,Fresno State,0.648729272171947,2026
401858240,4,2026-09-27T02:30:00.000Z,False,Stanford,Georgia Tech,-8.51,0.28547649678001374,Georgia Tech,0.7145235032199863,2026
401871049,5,2026-10-02T00:00:00.000Z,False,New Mexico State,Western Kentucky,5.23,0.6094866316960539,New Mexico State,0.6094866316960539,2026
401862786,5,2026-10-02T01:00:00.000Z,False,Tulsa,North Texas,-0.7,0.46439709273383384,North Texas,0.5356029072661661,2026
401871050,5,2026-10-02T23:00:00.000Z,False,Delaware,Liberty,-3.79,0.38952662607017235,Liberty,0.6104733739298276,2026
401858245,5,2026-10-02T23:00:00.000Z,False,Virginia Tech,Pittsburgh,-14.22,0.18495961064483804,Pittsburgh,0.815040389355162,2026
401858476,5,2026-10-03T00:00:00.000Z,False,Northwestern,Penn State,-13.35,0.19827860820341256,Penn State,0.8017213917965874,2026
401858251,5,2026-10-03T04:00:00.000Z,False,Wake Forest,Stanford,16.9,0.8323494442719793,Wake Forest,0.8323494442719793,2026
401856821,5,2026-10-03T04:00:00.000Z,False,Colorado,Texas Tech,-14.41,0.182121881842063,Texas Tech,0.817878118157937,2026
401858250,5,2026-10-03T04:00:00.000Z,False,North Carolina,Notre Dame,-1.02,0.45635561008243486,Notre Dame,0.5436443899175651,2026
401856710,5,2026-10-03T04:00:00.000Z,False,Tennessee,Auburn,4.99,0.6037262353525844,Tennessee,0.6037262353525844,2026
401869932,5,2026-10-03T04:00:00.000Z,False,Louisiana,Arkansas State,3.7,0.5729075113142642,Louisiana,0.5729075113142642,2026
401866432,5,2026-10-03T04:00:00.000Z,False,Buffalo,Western Michigan,0.15,0.48533519123866387,Western Michigan,0.5146648087613361,2026
401864513,5,2026-10-03T04:00:00.000Z,False,Hawai'i,San José State,-1.96,0.43339882961856513,San José State,0.5666011703814349,2026
401856819,5,2026-10-03T04:00:00.000Z,False,Houston,UCF,4.53,0.5927368979903089,Houston,0.5927368979903089,2026
401856709,5,2026-10-03T04:00:00.000Z,False,South Carolina,Kentucky,16.29,0.8236278829123136,South Carolina,0.8236278829123136,2026
401858253,5,2026-10-03T04:00:00.000Z,False,Florida State,Virginia,0.14,0.48520166727188835,Virginia,0.5147983327281116,2026
401866433,5,2026-10-03T04:00:00.000Z,False,Massachusetts,Eastern Michigan,2.86,0.5524069174757593,Massachusetts,0.5524069174757593,2026
401862787,5,2026-10-03T04:00:00.000Z,False,Charlotte,Memphis,-19.22,0.12143142848904587,Memphis,0.8785685715109541,2026
401858473,5,2026-10-03T04:00:00.000Z,False,Iowa,Ohio State,-2.27,0.4259120471869679,Ohio State,0.574087952813032,2026
401856807,5,2026-10-03T04:00:00.000Z,False,Kansas,Middle Tennessee,19.39,0.8639625230589943,Kansas,0.8639625230589943,2026
401858474,5,2026-10-03T04:00:00.000Z,False,Minnesota,Michigan,-1.0,0.45704364095145095,Michigan,0.5429563590485491,2026
401856707,5,2026-10-03T04:00:00.000Z,False,Mississippi State,Alabama,-0.33,0.4735675360544444,Alabama,0.5264324639455555,2026
401856817,5,2026-10-03T04:00:00.000Z,False,Arizona State,Baylor,-0.23,0.4760040031164608,Baylor,0.5239959968835393,2026
401856818,5,2026-10-03T04:00:00.000Z,False,TCU,BYU,-2.92,0.4102703589695212,BYU,0.5897296410304789,2026
401862792,5,2026-10-03T04:00:00.000Z,False,South Florida,Temple,10.88,0.7320381097999916,South Florida,0.7320381097999916,2026
401856708,5,2026-10-03T04:00:00.000Z,False,Missouri,Florida,0.71,0.49910133992454164,Florida,0.5008986600754584,2026
401858246,5,2026-10-03T04:00:00.000Z,False,SMU,Boston College,17.49,0.8403727187870713,SMU,0.8403727187870713,2026
401866431,5,2026-10-03T04:00:00.000Z,False,Ball State,Toledo,-17.75,0.13784264225230403,Toledo,0.862157357747696,2026
401866430,5,2026-10-03T04:00:00.000Z,False,Central Michigan,Akron,2.04,0.5320368117678183,Central Michigan,0.5320368117678183,2026
401869962,5,2026-10-03T04:00:00.000Z,False,James Madison,Marshall,14.53,0.7968538365741175,James Madison,0.7968538365741175,2026
401856822,5,2026-10-03T04:00:00.000Z,False,Iowa State,West Virginia,14.42,0.7951494116309361,Iowa State,0.7951494116309361,2026
401858248,5,2026-10-03T04:00:00.000Z,False,NC State,Louisville,-7.91,0.2977970530259632,Louisville,0.7022029469740367,2026
401858479,5,2026-10-03T04:00:00.000Z,False,Wisconsin,Michigan State,11.87,0.7509066527008065,Wisconsin,0.7509066527008065,2026
401869956,5,2026-10-03T04:00:00.000Z,False,Georgia State,Old Dominion,-10.66,0.2441229607037352,Old Dominion,0.7558770392962648,2026
401856820,5,2026-10-03T04:00:00.000Z,False,Arizona,Cincinnati,4.96,0.6029485928024099,Arizona,0.6029485928024099,2026
401856711,5,2026-10-03T04:00:00.000Z,False,Texas A&M,Arkansas,9.88,0.7122435075388373,Texas A&M,0.7122435075388373,2026
401866477,5,2026-10-03T04:00:00.000Z,False,Miami (OH),Bowling Green,0.84,0.502366940609831,Miami (OH),0.502366940609831,2026
401869842,5,2026-10-03T04:00:00.000Z,False,Louisiana Tech,Army,0.21,0.4867218991187284,Army,0.5132781008812717,2026
401856705,5,2026-10-03T04:00:00.000Z,False,Georgia,Vanderbilt,5.66,0.6195267609489081,Georgia,0.6195267609489081,2026
401858478,5,2026-10-03T04:00:00.000Z,False,USC,Washington,5.22,0.6092793452680639,USC,0.6092793452680639,2026
401866434,5,2026-10-03T04:00:00.000Z,False,Kent State,Ohio,-8.94,0.276951878022507,Ohio,0.723048121977493,2026
401871089,5,2026-10-03T04:00:00.000Z,False,South Alabama,UL Monroe,16.3,0.8237873863990184,South Alabama,0.8237873863990184,2026
401858475,5,2026-10-03T04:00:00.000Z,False,Nebraska,Maryland,7.7,0.6659615932180817,Nebraska,0.6659615932180817,2026
401862788,5,2026-10-03T04:00:00.000Z,False,Rice,UTSA,-10.41,0.24864778009326874,UTSA,0.7513522199067313,2026
401864514,5,2026-10-03T04:00:00.000Z,False,New Mexico,UTEP,22.11,0.8927299852789171,New Mexico,0.8927299852789171,2026
401858249,5,2026-10-03T04:00:00.000Z,False,Clemson,Miami,-16.6,0.1519166687921967,Miami,0.8480833312078033,2026
401869942,5,2026-10-03T04:00:00.000Z,False,Coastal Carolina,Georgia Southern,1.77,0.5254684031787539,Coastal Carolina,0.5254684031787539,2026
401858472,5,2026-10-03T04:00:00.000Z,False,Illinois,Purdue,9.61,0.706698165012386,Illinois,0.706698165012386,2026
401858252,5,2026-10-03T16:00:00.000Z,False,UConn,Syracuse,11.54,0.7447891629360729,UConn,0.7447891629360729,2026
401862791,5,2026-10-03T16:00:00.000Z,False,Air Force,Navy,5.73,0.6210817929214305,Air Force,0.6210817929214305,2026
401858247,5,2026-10-03T19:30:00.000Z,False,UNLV,California,14.76,0.8005884831391926,UNLV,0.8005884831391926,2026
401860899,5,2026-10-03T22:00:00.000Z,False,Colorado State,Oregon State,8.68,0.6871871606094485,Colorado State,0.6871871606094485,2026
401860898,5,2026-10-03T23:30:00.000Z,False,Boise State,Utah State,9.3,0.7001824656435114,Boise State,0.7001824656435114,2026
401858477,5,2026-10-04T00:00:00.000Z,False,Rutgers,Indiana,-29.77,0.04630842202566943,Indiana,0.9536915779743306,2026
401860921,5,2026-10-04T01:30:00.000Z,False,Washington State,Fresno State,15.07,0.8053931065871064,Washington State,0.8053931065871064,2026
401860900,5,2026-10-04T02:30:00.000Z,False,San Diego State,Texas State,14.61,0.7981415961832328,San Diego State,0.7981415961832328,2026
401871090,6,2026-10-07T00:00:00.000Z,False,Troy,Southern Miss,1.87,0.5280516136334946,Troy,0.5280516136334946,2026
401871051,6,2026-10-07T23:00:00.000Z,False,Kennesaw State,Jacksonville State,3.65,0.5716854797550698,Kennesaw State,0.5716854797550698,2026
401871066,6,2026-10-07T23:30:00.000Z,False,Florida International,New Mexico State,5.81,0.6230179840227044,Florida International,0.6230179840227044,2026
401870766,6,2026-10-08T23:00:00.000Z,False,Liberty,Sam Houston,16.03,0.8199267953988023,Liberty,0.8199267953988023,2026
401871052,6,2026-10-08T23:00:00.000Z,False,Western Kentucky,Missouri State,9.04,0.6948501707214809,Western Kentucky,0.6948501707214809,2026
401869933,6,2026-10-08T23:30:00.000Z,False,Arkansas State,South Alabama,3.74,0.5736584196251869,Arkansas State,0.5736584196251869,2026
401862794,6,2026-10-08T23:30:00.000Z,False,UTSA,South Florida,2.41,0.5413023229956407,UTSA,0.5413023229956407,2026
401858254,6,2026-10-09T23:00:00.000Z,False,Louisville,Florida State,6.74,0.6445233498630911,Louisville,0.6445233498630911,2026
401860922,6,2026-10-10T01:00:00.000Z,False,Utah State,Washington State,-1.38,0.4476402193621478,Washington State,0.5523597806378522,2026
401858487,6,2026-10-10T01:00:00.000Z,False,Washington,Iowa,-0.4,0.47171777326035286,Iowa,0.5282822267396472,2026
401864519,6,2026-10-10T01:00:00.000Z,False,San José State,Wyoming,11.71,0.7479229080509859,San José State,0.7479229080509859,2026
401856826,6,2026-10-10T02:15:00.000Z,False,BYU,Iowa State,5.39,0.6133135726167291,BYU,0.6133135726167291,2026
401862797,6,2026-10-10T04:00:00.000Z,False,East Carolina,Rice,11.66,0.7470541371749786,East Carolina,0.7470541371749786,2026
401858482,6,2026-10-10T04:00:00.000Z,False,Northwestern,Ball State,29.37,0.944715896125633,Northwestern,0.944715896125633,2026
401861964,6,2026-10-10T04:00:00.000Z,False,Temple,UConn,-0.11,0.4789570681439495,UConn,0.5210429318560506,2026
401858259,6,2026-10-10T04:00:00.000Z,False,California,Virginia Tech,-1.7,0.43984606566027634,Virginia Tech,0.5601539343397237,2026
401866437,6,2026-10-10T04:00:00.000Z,False,Toledo,Buffalo,9.87,0.7119102246620487,Toledo,0.7119102246620487,2026
401856716,6,2026-10-10T04:00:00.000Z,False,Missouri,Texas A&M,-3.08,0.40628307058885277,Texas A&M,0.5937169294111473,2026
401856718,6,2026-10-10T04:00:00.000Z,False,Vanderbilt,Ole Miss,3.2,0.5606389414349777,Vanderbilt,0.5606389414349777,2026
401858258,6,2026-10-10T04:00:00.000Z,False,Virginia,Syracuse,20.29,0.8741283481967446,Virginia,0.8741283481967446,2026
401869949,6,2026-10-10T04:00:00.000Z,False,Georgia Southern,James Madison,-8.52,0.28522398015939304,James Madison,0.714776019840607,2026
401858260,6,2026-10-10T04:00:00.000Z,False,NC State,Wake Forest,-1.73,0.43914712230086983,Wake Forest,0.5608528776991302,2026
401866438,6,2026-10-10T04:00:00.000Z,False,Ohio,Central Michigan,7.57,0.6631638491494557,Ohio,0.6631638491494557,2026
401856825,6,2026-10-10T04:00:00.000Z,False,Kansas State,Houston,9.1,0.6961628613355687,Kansas State,0.6961628613355687,2026
401856715,6,2026-10-10T04:00:00.000Z,False,Kentucky,LSU,-10.78,0.2419048287380122,LSU,0.7580951712619878,2026
401869965,6,2026-10-10T04:00:00.000Z,False,Louisiana Tech,Louisiana,8.92,0.6923618725904873,Louisiana Tech,0.6923618725904873,2026
401856824,6,2026-10-10T04:00:00.000Z,False,Oklahoma State,UCF,-4.93,0.3629163122625014,UCF,0.6370836877374986,2026
401858256,6,2026-10-10T04:00:00.000Z,False,Pittsburgh,North Carolina,17.24,0.8369625807549846,Pittsburgh,0.8369625807549846,2026
401866435,6,2026-10-10T04:00:00.000Z,False,Akron,Eastern Michigan,2.55,0.5446919036818476,Akron,0.5446919036818476,2026
401856823,6,2026-10-10T04:00:00.000Z,False,West Virginia,Arizona,-8.22,0.2913855050379666,Arizona,0.7086144949620334,2026
401866440,6,2026-10-10T04:00:00.000Z,False,Massachusetts,Miami (OH),2.63,0.5467639810124066,Massachusetts,0.5467639810124066,2026
401866439,6,2026-10-10T04:00:00.000Z,False,Western Michigan,Kent State,25.39,0.9200959252705105,Western Michigan,0.9200959252705105,2026
401856712,6,2026-10-10T04:00:00.000Z,False,Alabama,Georgia,4.62,0.5950345826162003,Alabama,0.5950345826162003,2026
401858255,6,2026-10-10T04:00:00.000Z,False,Georgia Tech,Duke,0.42,0.49192214610446644,Duke,0.5080778538955335,2026
401869843,6,2026-10-10T04:00:00.000Z,False,App State,Old Dominion,-4.52,0.3724141919962828,Old Dominion,0.6275858080037172,2026
401858484,6,2026-10-10T04:00:00.000Z,False,Oregon,UCLA,14.17,0.7910888546813655,Oregon,0.7910888546813655,2026
401862798,6,2026-10-10T04:00:00.000Z,False,Memphis,UAB,20.57,0.8772106907464537,Memphis,0.8772106907464537,2026
401858485,6,2026-10-10T04:00:00.000Z,False,Penn State,USC,10.95,0.7334542915610738,Penn State,0.7334542915610738,2026
401856827,6,2026-10-10T04:00:00.000Z,False,Utah,Kansas,11.93,0.7520460664527798,Utah,0.7520460664527798,2026
401862796,6,2026-10-10T04:00:00.000Z,False,North Texas,Charlotte,21.38,0.885580677183865,North Texas,0.885580677183865,2026
401856714,6,2026-10-10T04:00:00.000Z,False,Florida,South Carolina,1.93,0.5293738293216204,Florida,0.5293738293216204,2026
401858481,6,2026-10-10T04:00:00.000Z,False,Nebraska,Indiana,-12.96,0.2045315133786984,Indiana,0.7954684866213015,2026
401869943,6,2026-10-10T04:00:00.000Z,False,Marshall,Coastal Carolina,7.25,0.6559233227671402,Marshall,0.6559233227671402,2026
401856808,6,2026-10-10T04:00:00.000Z,False,Arizona State,Hawai'i,14.78,0.8008675481233845,Arizona State,0.8008675481233845,2026
401858480,6,2026-10-10T04:00:00.000Z,False,Michigan State,Illinois,-0.9,0.4593859099820778,Illinois,0.5406140900179222,2026
401864517,6,2026-10-10T04:00:00.000Z,False,UTEP,Nevada,-14.13,0.18623153015851426,Nevada,0.8137684698414858,2026
401858483,6,2026-10-10T04:00:00.000Z,False,Ohio State,Maryland,23.21,0.9027371783236522,Ohio State,0.9027371783236522,2026
401856713,6,2026-10-10T04:00:00.000Z,False,Arkansas,Tennessee,3.87,0.5769448059362964,Arkansas,0.5769448059362964,2026
401858486,6,2026-10-10T04:00:00.000Z,False,Purdue,Minnesota,6.18,0.6316772800329375,Purdue,0.6316772800329375,2026
401862795,6,2026-10-10T16:00:00.000Z,False,Army,Tulane,5.41,0.6136606415321008,Army,0.6136606415321008,2026
401862799,6,2026-10-10T19:30:00.000Z,False,Navy,Tulsa,5.61,0.6184197239022553,Navy,0.6184197239022553,2026
401856717,6,2026-10-10T19:30:00.000Z,True,Oklahoma,Texas,-1.51,0.44446498893523095,Texas,0.555535011064769,2026
401858257,6,2026-10-10T19:30:00.000Z,False,Notre Dame,Stanford,19.17,0.8614130899582946,Notre Dame,0.8614130899582946,2026
401860902,6,2026-10-10T22:00:00.000Z,False,Oregon State,San Diego State,-6.51,0.32762343636013885,San Diego State,0.6723765636398611,2026
401864516,6,2026-10-10T23:30:00.000Z,False,Northern Illinois,Air Force,-10.13,0.25397341502440435,Air Force,0.7460265849755956,2026
401860901,6,2026-10-11T02:30:00.000Z,False,Fresno State,Boise State,-7.96,0.29668921026806877,Boise State,0.7033107897319313,2026
401871067,7,2026-10-13T23:00:00.000Z,False,Middle Tennessee,Delaware,4.85,0.6005488257726118,Middle Tennessee,0.6005488257726118,2026
401871053,7,2026-10-14T00:00:00.000Z,False,Jacksonville State,Florida International,2.25,0.5373392439013266,Jacksonville State,0.5373392439013266,2026
401871054,7,2026-10-14T23:30:00.000Z,False,Missouri State,Kennesaw State,-3.45,0.3974732617299487,Kennesaw State,0.6025267382700513,2026
401871068,7,2026-10-15T00:00:00.000Z,False,Sam Houston,Western Kentucky,-0.59,0.46695182320866324,Western Kentucky,0.5330481767913368,2026
401869950,7,2026-10-15T23:30:00.000Z,False,Old Dominion,Georgia Southern,13.24,0.7754206831997108,Old Dominion,0.7754206831997108,2026
401862800,7,2026-10-15T23:30:00.000Z,False,UAB,East Carolina,-2.94,0.4097168024071057,East Carolina,0.5902831975928944,2026
401860923,7,2026-10-16T00:00:00.000Z,False,Texas State,Colorado State,-1.76,0.43842040746376537,Colorado State,0.5615795925362346,2026
401862801,7,2026-10-16T23:30:00.000Z,False,Tulane,Memphis,-4.41,0.3749421590948473,Memphis,0.6250578409051527,2026
401869844,7,2026-10-17T00:00:00.000Z,False,Coastal Carolina,App State,0.56,0.495563866871975,App State,0.5044361331280249,2026
401858493,7,2026-10-17T00:00:00.000Z,False,Purdue,Washington,-8.16,0.29258125389992967,Washington,0.7074187461000703,2026
401856832,7,2026-10-17T04:00:00.000Z,False,Baylor,TCU,8.05,0.6737311127428829,Baylor,0.6737311127428829,2026
401858267,7,2026-10-17T04:00:00.000Z,False,Boston College,Pittsburgh,-13.62,0.19412130783614504,Pittsburgh,0.805878692163855,2026
401856721,7,2026-10-17T04:00:00.000Z,False,Ole Miss,Missouri,6.64,0.6422230081379391,Ole Miss,0.6422230081379391,2026
401856829,7,2026-10-17T04:00:00.000Z,False,West Virginia,Cincinnati,-7.02,0.3165447868210245,Cincinnati,0.6834552131789755,2026
401858488,7,2026-10-17T04:00:00.000Z,False,Indiana,Ohio State,4.96,0.602948716394704,Indiana,0.602948716394704,2026
401856809,7,2026-10-17T04:00:00.000Z,False,BYU,Notre Dame,6.45,0.6379088472745034,BYU,0.6379088472745034,2026
401858269,7,2026-10-17T04:00:00.000Z,False,California,Wake Forest,-8.7,0.2817497824604117,Wake Forest,0.7182502175395883,2026
401858490,7,2026-10-17T04:00:00.000Z,False,Michigan,Penn State,-14.5,0.1807372317771534,Penn State,0.8192627682228466,2026
401858494,7,2026-10-17T04:00:00.000Z,False,UCLA,Wisconsin,-3.87,0.38760143736360475,Wisconsin,0.6123985626363952,2026
401858492,7,2026-10-17T04:00:00.000Z,False,Oregon,Nebraska,9.27,0.6997079926509848,Oregon,0.6997079926509848,2026
401858491,7,2026-10-17T04:00:00.000Z,False,Michigan State,Northwestern,1.48,0.518264002512367,Michigan State,0.518264002512367,2026
401869966,7,2026-10-17T04:00:00.000Z,False,Louisiana,Troy,4.59,0.5941349604988558,Louisiana,0.5941349604988558,2026
401856831,7,2026-10-17T04:00:00.000Z,False,Houston,Oklahoma State,13.22,0.7750096616708866,Houston,0.7750096616708866,2026
401858268,7,2026-10-17T04:00:00.000Z,False,SMU,Virginia,4.29,0.5870299908845655,SMU,0.5870299908845655,2026
401858266,7,2026-10-17T04:00:00.000Z,False,Duke,North Carolina,8.73,0.6881977880612905,Duke,0.6881977880612905,2026
401858489,7,2026-10-17T04:00:00.000Z,False,Maryland,Rutgers,16.62,0.8284138576482133,Maryland,0.8284138576482133,2026
401862804,7,2026-10-17T04:00:00.000Z,False,UTSA,Navy,7.83,0.6689177294667653,UTSA,0.6689177294667653,2026
401864521,7,2026-10-17T04:00:00.000Z,False,Hawai'i,New Mexico,-8.18,0.2923088154984715,New Mexico,0.7076911845015286,2026
401869957,7,2026-10-17T04:00:00.000Z,False,James Madison,Georgia State,20.96,0.8813123325639991,James Madison,0.8813123325639991,2026
401856830,7,2026-10-17T04:00:00.000Z,False,Kansas State,Kansas,4.84,0.6003144499476669,Kansas State,0.6003144499476669,2026
401856719,7,2026-10-17T04:00:00.000Z,False,Georgia,Auburn,8.63,0.6860561141241994,Georgia,0.6860561141241994,2026
401858263,7,2026-10-17T04:00:00.000Z,False,Miami,Florida State,17.38,0.8388462037008005,Miami,0.8388462037008005,2026
401856726,7,2026-10-17T04:00:00.000Z,False,Vanderbilt,Arkansas,5.37,0.6128575523699797,Vanderbilt,0.6128575523699797,2026
401866443,7,2026-10-17T04:00:00.000Z,False,Central Michigan,Western Michigan,-9.0,0.2756281356551619,Western Michigan,0.724371864344838,2026
401858264,7,2026-10-17T04:00:00.000Z,False,Virginia Tech,Georgia Tech,-2.36,0.42362850728858514,Georgia Tech,0.5763714927114149,2026
401858265,7,2026-10-17T04:00:00.000Z,False,Syracuse,Louisville,-12.15,0.21778640711327796,Louisville,0.782213592886722,2026
401856724,7,2026-10-17T04:00:00.000Z,False,Texas,Florida,9.19,0.6979584755234103,Texas,0.6979584755234103,2026
401862805,7,2026-10-17T04:00:00.000Z,False,Rice,Tulsa,-4.48,0.37348543686638036,Tulsa,0.6265145631336196,2026
401866444,7,2026-10-17T04:00:00.000Z,False,Eastern Michigan,Toledo,-8.58,0.284014907395142,Toledo,0.715985092604858,2026
401856828,7,2026-10-17T04:00:00.000Z,False,Texas Tech,Arizona State,21.06,0.8822709114213849,Texas Tech,0.8822709114213849,2026
401866478,7,2026-10-17T04:00:00.000Z,False,Miami (OH),Akron,5.19,0.6085321471703613,Miami (OH),0.6085321471703613,2026
401866441,7,2026-10-17T04:00:00.000Z,False,Bowling Green,Ball State,16.07,0.8204820644490423,Bowling Green,0.8204820644490423,2026
401862806,7,2026-10-17T04:00:00.000Z,False,South Florida,Kent State,31.14,0.9532167295764614,South Florida,0.9532167295764614,2026
401856722,7,2026-10-17T04:00:00.000Z,False,Oklahoma,Kentucky,18.38,0.8518547853359887,Oklahoma,0.8518547853359887,2026
401869934,7,2026-10-17T04:00:00.000Z,False,Southern Miss,Arkansas State,4.75,0.5981853229470233,Southern Miss,0.5981853229470233,2026
401871091,7,2026-10-17T04:00:00.000Z,False,UL Monroe,Louisiana Tech,-13.88,0.1900119751135234,Louisiana Tech,0.8099880248864766,2026
401866442,7,2026-10-17T04:00:00.000Z,False,Buffalo,Massachusetts,10.88,0.7319904433307411,Buffalo,0.7319904433307411,2026
401856720,7,2026-10-17T04:00:00.000Z,False,LSU,Mississippi State,9.61,0.7067757340479665,LSU,0.7067757340479665,2026
401862803,7,2026-10-17T04:00:00.000Z,False,Temple,Charlotte,17.09,0.8348624719145374,Temple,0.8348624719145374,2026
401864523,7,2026-10-17T04:00:00.000Z,False,UTEP,San José State,-8.39,0.2879955479093911,San José State,0.7120044520906089,2026
401856833,7,2026-10-17T04:00:00.000Z,False,Colorado,Utah,-9.63,0.2633491572338741,Utah,0.7366508427661259,2026
401856723,7,2026-10-17T04:00:00.000Z,False,Tennessee,Alabama,-0.75,0.463079492259915,Alabama,0.5369205077400849,2026
401862802,7,2026-10-17T16:00:00.000Z,False,Army,Florida Atlantic,15.93,0.8183871277883147,Army,0.8183871277883147,2026
401864524,7,2026-10-17T19:30:00.000Z,False,Air Force,UNLV,3.07,0.5574973810018241,Air Force,0.5574973810018241,2026
401864522,7,2026-10-17T19:30:00.000Z,False,Wyoming,Northern Illinois,5.11,0.6066973388288726,Wyoming,0.6066973388288726,2026
401860903,7,2026-10-17T22:00:00.000Z,False,Oregon State,Washington State,-7.25,0.3116697990770936,Washington State,0.6883302009229064,2026
401860904,7,2026-10-18T02:30:00.000Z,False,San Diego State,Fresno State,14.33,0.7936351583362302,San Diego State,0.7936351583362302,2026
401871055,8,2026-10-20T23:00:00.000Z,False,Florida International,Middle Tennessee,5.8,0.6229318295811304,Florida International,0.6229318295811304,2026
401871069,8,2026-10-20T23:00:00.000Z,False,Delaware,Missouri State,9.42,0.7027990623163748,Delaware,0.7027990623163748,2026
401871092,8,2026-10-20T23:30:00.000Z,False,Marshall,South Alabama,4.27,0.586468567771668,Marshall,0.586468567771668,2026
401871070,8,2026-10-22T00:00:00.000Z,False,Sam Houston,New Mexico State,-2.07,0.43076210579474355,New Mexico State,0.5692378942052565,2026
401871056,8,2026-10-22T23:00:00.000Z,False,Kennesaw State,Liberty,-2.25,0.42644645337243914,Liberty,0.5735535466275609,2026
401869845,8,2026-10-22T23:00:00.000Z,False,App State,James Madison,-7.32,0.3102421197350839,James Madison,0.689757880264916,2026
401862807,8,2026-10-22T23:30:00.000Z,False,Memphis,East Carolina,13.88,0.7862290346554855,Memphis,0.7862290346554855,2026
401861965,8,2026-10-23T22:00:00.000Z,False,UConn,Massachusetts,16.98,0.8333717186886509,UConn,0.8333717186886509,2026
401858271,8,2026-10-23T23:00:00.000Z,False,Virginia,Duke,8.1,0.6747932896744361,Virginia,0.6747932896744361,2026
401862808,8,2026-10-24T00:30:00.000Z,False,Tulsa,Army,0.47,0.49328110542002,Army,0.50671889457998,2026
401864525,8,2026-10-24T01:00:00.000Z,False,Wyoming,Air Force,-8.77,0.280319143115753,Air Force,0.719680856884247,2026
401858272,8,2026-10-24T02:30:00.000Z,False,Stanford,NC State,-3.91,0.3866650882516696,NC State,0.6133349117483304,2026
401858495,8,2026-10-24T04:00:00.000Z,False,Illinois,Oregon,-2.49,0.42049450285461354,Oregon,0.5795054971453865,2026
401856840,8,2026-10-24T04:00:00.000Z,False,Cincinnati,Texas Tech,-8.72,0.28135564280476016,Texas Tech,0.7186443571952399,2026
401864526,8,2026-10-24T04:00:00.000Z,False,Northern Illinois,Hawai'i,0.16,0.4855475269733544,Hawai'i,0.5144524730266455,2026
401862811,8,2026-10-24T04:00:00.000Z,False,Tulane,UTSA,-0.55,0.46804394467615773,UTSA,0.5319560553238423,2026
401862809,8,2026-10-24T04:00:00.000Z,False,Florida Atlantic,Rice,3.1,0.5582109294083303,Florida Atlantic,0.5582109294083303,2026
401856838,8,2026-10-24T04:00:00.000Z,False,Arizona,Iowa State,5.07,0.6055893647271606,Arizona,0.6055893647271606,2026
401864528,8,2026-10-24T04:00:00.000Z,False,Nevada,San José State,9.5,0.7044010298575387,Nevada,0.7044010298575387,2026
401858270,8,2026-10-24T04:00:00.000Z,False,SMU,California,23.55,0.905615590056815,SMU,0.905615590056815,2026
401866450,8,2026-10-24T04:00:00.000Z,False,Toledo,Western Michigan,6.26,0.6334870094007946,Toledo,0.6334870094007946,2026
401858273,8,2026-10-24T04:00:00.000Z,False,Georgia Tech,Boston College,9.27,0.6996940570944319,Georgia Tech,0.6996940570944319,2026
401856841,8,2026-10-24T04:00:00.000Z,False,TCU,West Virginia,9.39,0.7020475901406991,TCU,0.7020475901406991,2026
401866449,8,2026-10-24T04:00:00.000Z,False,Ohio,Eastern Michigan,4.65,0.595656255570588,Ohio,0.595656255570588,2026
401856834,8,2026-10-24T04:00:00.000Z,False,Kansas,Baylor,4.12,0.5829989759176408,Kansas,0.5829989759176408,2026
401856837,8,2026-10-24T04:00:00.000Z,False,Utah,Houston,16.19,0.8222798864876367,Utah,0.8222798864876367,2026
401858275,8,2026-10-24T04:00:00.000Z,False,North Carolina,Syracuse,10.97,0.7337842513725794,North Carolina,0.7337842513725794,2026
401869967,8,2026-10-24T04:00:00.000Z,False,Southern Miss,Louisiana,4.81,0.5994043867165548,Southern Miss,0.5994043867165548,2026
401856835,8,2026-10-24T04:00:00.000Z,False,UCF,BYU,-3.28,0.40154122546012855,BYU,0.5984587745398715,2026
401856732,8,2026-10-24T04:00:00.000Z,False,Texas,Ole Miss,9.35,0.7013553239197858,Texas,0.7013553239197858,2026
401869935,8,2026-10-24T04:00:00.000Z,False,Arkansas State,Georgia State,9.66,0.7077284109106347,Arkansas State,0.7077284109106347,2026
401858274,8,2026-10-24T04:00:00.000Z,False,Miami,Pittsburgh,9.6,0.7065557524947889,Miami,0.7065557524947889,2026
401856730,8,2026-10-24T04:00:00.000Z,False,Mississippi State,Oklahoma,-2.2,0.42762641705691723,Oklahoma,0.5723735829430827,2026
401856729,8,2026-10-24T04:00:00.000Z,False,Kentucky,Vanderbilt,-6.23,0.33377690490963013,Vanderbilt,0.6662230950903698,2026
401858276,8,2026-10-24T04:00:00.000Z,False,Clemson,Virginia Tech,7.22,0.6552433478289366,Clemson,0.6552433478289366,2026
401856727,8,2026-10-24T04:00:00.000Z,False,Alabama,Texas A&M,2.02,0.5316064031524117,Alabama,0.5316064031524117,2026
401866446,8,2026-10-24T04:00:00.000Z,False,Kent State,Akron,-6.84,0.3204989824724303,Akron,0.6795010175275698,2026
401856836,8,2026-10-24T04:00:00.000Z,False,Oklahoma State,Colorado,-4.75,0.3670569619838393,Colorado,0.6329430380161607,2026
401871093,8,2026-10-24T04:00:00.000Z,False,Louisiana Tech,Old Dominion,0.37,0.49067216518811735,Old Dominion,0.5093278348118826,2026
401871094,8,2026-10-24T04:00:00.000Z,False,Troy,UL Monroe,15.39,0.8104373197756496,Troy,0.8104373197756496,2026
401866476,8,2026-10-24T04:00:00.000Z,False,Central Michigan,Miami (OH),0.6,0.49649375154204417,Miami (OH),0.5035062484579558,2026
401858500,8,2026-10-24T04:00:00.000Z,False,Wisconsin,USC,-0.31,0.4738437693210956,USC,0.5261562306789044,2026
401866448,8,2026-10-24T04:00:00.000Z,False,Buffalo,Bowling Green,6.84,0.6466213495738111,Buffalo,0.6466213495738111,2026
401858496,8,2026-10-24T04:00:00.000Z,False,Michigan,Indiana,-17.22,0.14420220913130435,Indiana,0.8557977908686957,2026
401856839,8,2026-10-24T04:00:00.000Z,False,Arizona State,Kansas State,-1.68,0.44020407339211104,Kansas State,0.5597959266078889,2026
401858497,8,2026-10-24T04:00:00.000Z,False,Minnesota,Iowa,-14.75,0.1771832116369163,Iowa,0.8228167883630837,2026
401858499,8,2026-10-24T04:00:00.000Z,False,UCLA,Michigan State,4.24,0.5859505118536308,UCLA,0.5859505118536308,2026
401858498,8,2026-10-24T04:00:00.000Z,False,Northwestern,Rutgers,17.46,0.8398711422347915,Northwestern,0.8398711422347915,2026
401856731,8,2026-10-24T04:00:00.000Z,False,South Carolina,Tennessee,8.04,0.6733026127494267,South Carolina,0.6733026127494267,2026
401856728,8,2026-10-24T16:00:00.000Z,False,Auburn,LSU,-3.76,0.3901885283496859,LSU,0.609811471650314,2026
401862810,8,2026-10-24T19:30:00.000Z,False,Navy,North Texas,1.16,0.5103472767930421,Navy,0.5103472767930421,2026
401860907,8,2026-10-24T22:00:00.000Z,False,Washington State,Boise State,3.35,0.5642520579659781,Washington State,0.5642520579659781,2026
401860906,8,2026-10-24T23:30:00.000Z,False,Texas State,Utah State,-2.7,0.41544849172476156,Utah State,0.5845515082752384,2026
401860905,8,2026-10-25T01:30:00.000Z,False,Colorado State,San Diego State,-1.59,0.44256708760494246,San Diego State,0.5574329123950575,2026
401871071,9,2026-10-27T23:00:00.000Z,False,Western Kentucky,Delaware,3.37,0.5648891911354138,Western Kentucky,0.5648891911354138,2026
401871072,9,2026-10-28T00:00:00.000Z,False,Missouri State,Sam Houston,2.82,0.5512905947038252,Missouri State,0.5512905947038252,2026
401871058,9,2026-10-28T23:00:00.000Z,False,Middle Tennessee,Kennesaw State,3.31,0.5633611417541324,Middle Tennessee,0.5633611417541324,2026
401871057,9,2026-10-29T00:00:00.000Z,False,New Mexico State,Jacksonville State,3.21,0.5607929335806573,New Mexico State,0.5607929335806573,2026
401869963,9,2026-10-29T23:30:00.000Z,False,James Madison,Troy,15.94,0.8185716193264998,James Madison,0.8185716193264998,2026
401862812,9,2026-10-29T23:30:00.000Z,False,North Texas,Florida Atlantic,17.09,0.8349652426743012,North Texas,0.8349652426743012,2026
401862813,9,2026-10-30T23:00:00.000Z,False,Charlotte,Tulane,-11.05,0.23702245088902946,Tulane,0.7629775491109705,2026
401856844,9,2026-10-30T23:30:00.000Z,False,UCF,Baylor,-0.91,0.45916299577441755,Baylor,0.5408370042255825,2026
401858501,9,2026-10-31T04:00:00.000Z,False,Indiana,Minnesota,29.48,0.9452908588834497,Indiana,0.9452908588834497,2026
401858277,9,2026-10-31T04:00:00.000Z,False,NC State,California,10.73,0.7290825019646401,NC State,0.7290825019646401,2026
401858509,9,2026-10-31T04:00:00.000Z,False,USC,Ohio State,-4.96,0.36236553932820953,Ohio State,0.6376344606717905,2026
401869846,9,2026-10-31T04:00:00.000Z,False,Georgia Southern,App State,2.55,0.544653517969479,Georgia Southern,0.544653517969479,2026
401856848,9,2026-10-31T04:00:00.000Z,False,Cincinnati,Utah,-3.94,0.38595600430652766,Utah,0.6140439956934723,2026
401858283,9,2026-10-31T04:00:00.000Z,False,Louisville,Stanford,23.09,0.9016378327427849,Louisville,0.9016378327427849,2026
401864529,9,2026-10-31T04:00:00.000Z,False,San José State,New Mexico,-2.46,0.4213091153875505,New Mexico,0.5786908846124494,2026
401862814,9,2026-10-31T04:00:00.000Z,False,Memphis,Army,10.27,0.7200562632538633,Memphis,0.7200562632538633,2026
401862816,9,2026-10-31T04:00:00.000Z,False,South Florida,UAB,18.05,0.8476664875049369,South Florida,0.8476664875049369,2026
401856847,9,2026-10-31T04:00:00.000Z,False,Iowa State,Oklahoma State,17.84,0.8449731126564194,Iowa State,0.8449731126564194,2026
401858282,9,2026-10-31T04:00:00.000Z,False,North Carolina,Miami,-15.58,0.16546432810365785,Miami,0.8345356718963421,2026
401862815,9,2026-10-31T04:00:00.000Z,False,East Carolina,Temple,3.28,0.562497724997897,East Carolina,0.562497724997897,2026
401858506,9,2026-10-31T04:00:00.000Z,False,Penn State,Purdue,24.34,0.912086694846396,Penn State,0.912086694846396,2026
401858278,9,2026-10-31T04:00:00.000Z,False,Syracuse,SMU,-13.31,0.19888604380742042,SMU,0.8011139561925795,2026
401869944,9,2026-10-31T04:00:00.000Z,False,Georgia State,Coastal Carolina,0.81,0.5017520461907238,Georgia State,0.5017520461907238,2026
401856845,9,2026-10-31T04:00:00.000Z,False,TCU,Kansas,-0.91,0.4591383891376595,Kansas,0.5408616108623405,2026
401858279,9,2026-10-31T04:00:00.000Z,False,Duke,Boston College,12.61,0.7643996310938731,Duke,0.7643996310938731,2026
401871096,9,2026-10-31T04:00:00.000Z,False,Old Dominion,Marshall,11.73,0.7483123568078143,Old Dominion,0.7483123568078143,2026
401856843,9,2026-10-31T04:00:00.000Z,False,BYU,Arizona State,10.11,0.7168700632092511,BYU,0.7168700632092511,2026
401858281,9,2026-10-31T04:00:00.000Z,False,Pittsburgh,Georgia Tech,15.61,0.8136650242367034,Pittsburgh,0.8136650242367034,2026
401856842,9,2026-10-31T04:00:00.000Z,False,Texas Tech,Arizona,15.03,0.8047695226338603,Texas Tech,0.8047695226338603,2026
401856735,9,2026-10-31T04:00:00.000Z,False,Ole Miss,Auburn,7.28,0.6565699264358964,Ole Miss,0.6565699264358964,2026
401856846,9,2026-10-31T04:00:00.000Z,False,Colorado,Kansas State,-2.54,0.41924970951993645,Kansas State,0.5807502904800635,2026
401871097,9,2026-10-31T04:00:00.000Z,False,South Alabama,Louisiana Tech,-1.34,0.4485553798167236,Louisiana Tech,0.5514446201832763,2026
401856737,9,2026-10-31T04:00:00.000Z,False,Texas,Mississippi State,11.22,0.7385928127370255,Texas,0.7385928127370255,2026
401858505,9,2026-10-31T04:00:00.000Z,False,Oregon,Northwestern,12.38,0.7602851543011679,Oregon,0.7602851543011679,2026
401871095,9,2026-10-31T04:00:00.000Z,False,UL Monroe,Southern Miss,-9.77,0.2608159817336088,Southern Miss,0.7391840182663911,2026
401856733,9,2026-10-31T04:00:00.000Z,False,Arkansas,Missouri,4.47,0.5913240152939825,Arkansas,0.5913240152939825,2026
401856736,9,2026-10-31T04:00:00.000Z,False,Oklahoma,South Carolina,5.85,0.6240791075237858,Oklahoma,0.6240791075237858,2026
401858507,9,2026-10-31T04:00:00.000Z,False,Rutgers,Michigan,-8.79,0.2798106920492707,Michigan,0.7201893079507293,2026
401858502,9,2026-10-31T04:00:00.000Z,False,Iowa,Wisconsin,10.51,0.7248959237097663,Iowa,0.7248959237097663,2026
401858508,9,2026-10-31T04:00:00.000Z,False,UCLA,Nevada,5.1,0.6064674596295125,UCLA,0.6064674596295125,2026
401858504,9,2026-10-31T04:00:00.000Z,False,Nebraska,Washington,-1.58,0.4427904222456651,Washington,0.5572095777543349,2026
401858280,9,2026-10-31T04:00:00.000Z,False,Florida State,Clemson,10.49,0.7243959217274385,Florida State,0.7243959217274385,2026
401858284,9,2026-10-31T04:00:00.000Z,False,Wake Forest,Virginia,-3.05,0.4070574190746708,Virginia,0.5929425809253293,2026
401858503,9,2026-10-31T04:00:00.000Z,False,Maryland,Illinois,0.54,0.4950132324156559,Illinois,0.504986767584344,2026
401860924,9,2026-10-31T04:00:00.000Z,False,Fresno State,Oregon State,3.45,0.5666926231589391,Fresno State,0.5666926231589391,2026
401866452,9,2026-10-31T16:00:00.000Z,False,Western Michigan,Bowling Green,10.44,0.7234610183923097,Western Michigan,0.7234610183923097,2026
401859185,9,2026-10-31T16:00:00.000Z,True,Notre Dame,Navy,6.37,0.6359258276740906,Notre Dame,0.6359258276740906,2026
401861966,9,2026-10-31T19:00:00.000Z,False,Air Force,UConn,3.56,0.569449388904521,Air Force,0.569449388904521,2026
401871059,9,2026-10-31T19:30:00.000Z,False,Liberty,Florida International,8.15,0.6758426508674396,Liberty,0.6758426508674396,2026
401856734,9,2026-10-31T19:30:00.000Z,True,Georgia,Florida,1.19,0.5109990961489143,Georgia,0.5109990961489143,2026
401860910,9,2026-10-31T19:30:00.000Z,False,Utah State,Colorado State,4.7,0.5969346902134769,Utah State,0.5969346902134769,2026
401860909,9,2026-10-31T23:00:00.000Z,False,San Diego State,Washington State,3.02,0.5561193855956771,San Diego State,0.5561193855956771,2026
401860908,9,2026-11-01T02:00:00.000Z,False,Boise State,Texas State,15.75,0.8158456965702491,Boise State,0.8158456965702491,2026
401864530,9,2026-11-01T02:30:00.000Z,False,UNLV,Northern Illinois,18.32,0.8510568742437957,UNLV,0.8510568742437957,2026
401866453,10,2026-11-04T00:00:00.000Z,False,Akron,Ohio,1.66,0.5226459179626701,Akron,0.5226459179626701,2026
401866454,10,2026-11-04T00:00:00.000Z,False,Miami (OH),Buffalo,-2.24,0.4265466546018316,Buffalo,0.5734533453981684,2026
401866455,10,2026-11-04T05:00:00.000Z,False,Massachusetts,Ball State,12.03,0.753820409956335,Massachusetts,0.753820409956335,2026
401866456,10,2026-11-04T05:00:00.000Z,True,Eastern Michigan,Central Michigan,2.93,0.5539136210835061,Eastern Michigan,0.5539136210835061,2026
401869964,10,2026-11-06T01:00:00.000Z,False,Southern Miss,James Madison,-6.55,0.326814079314144,James Madison,0.6731859206858559,2026
401862817,10,2026-11-06T01:00:00.000Z,False,Florida Atlantic,UTSA,-11.07,0.23672289447101424,UTSA,0.7632771055289858,2026
401858288,10,2026-11-07T00:00:00.000Z,False,SMU,Virginia Tech,18.1,0.8482130727979436,SMU,0.8482130727979436,2026
401862818,10,2026-11-07T00:30:00.000Z,False,East Carolina,South Florida,-3.85,0.3882000500527586,South Florida,0.6117999499472414,2026
401858510,10,2026-11-07T01:00:00.000Z,False,Illinois,Nebraska,3.02,0.5563510594941485,Illinois,0.5563510594941485,2026
401864533,10,2026-11-07T02:00:00.000Z,False,Nevada,New Mexico,3.28,0.562704242758894,Nevada,0.562704242758894,2026
401856855,10,2026-11-07T03:15:00.000Z,False,Arizona,TCU,10.1,0.7166675848893264,Arizona,0.7166675848893264,2026
401862819,10,2026-11-07T05:00:00.000Z,False,UAB,Charlotte,9.91,0.7128080158399548,UAB,0.7128080158399548,2026
401869968,10,2026-11-07T05:00:00.000Z,False,Louisiana,South Alabama,3.68,0.5724168970587725,Louisiana,0.5724168970587725,2026
401869936,10,2026-11-07T05:00:00.000Z,False,Arkansas State,UL Monroe,16.28,0.823496177686082,Arkansas State,0.823496177686082,2026
401871073,10,2026-11-07T05:00:00.000Z,False,Kennesaw State,Delaware,5.3,0.6110519130906593,Kennesaw State,0.6110519130906593,2026
401871074,10,2026-11-07T05:00:00.000Z,False,Florida International,Missouri State,12.57,0.7636561548274055,Florida International,0.7636561548274055,2026
401869945,10,2026-11-07T05:00:00.000Z,False,Coastal Carolina,Old Dominion,-7.71,0.30186832413612963,Old Dominion,0.6981316758638704,2026
401869951,10,2026-11-07T05:00:00.000Z,False,Georgia Southern,Marshall,2.25,0.537244135195896,Georgia Southern,0.537244135195896,2026
401871076,10,2026-11-07T05:00:00.000Z,False,Middle Tennessee,Western Kentucky,5.24,0.609573932754149,Middle Tennessee,0.609573932754149,2026
401856849,10,2026-11-07T05:00:00.000Z,False,Utah,BYU,9.92,0.7131062602272542,Utah,0.7131062602272542,2026
401856854,10,2026-11-07T05:00:00.000Z,False,Kansas State,Oklahoma State,18.56,0.8540981228051541,Kansas State,0.8540981228051541,2026
401856851,10,2026-11-07T05:00:00.000Z,False,Houston,Cincinnati,-0.98,0.4573207340600465,Cincinnati,0.5426792659399535,2026
401856850,10,2026-11-07T05:00:00.000Z,False,Kansas,UCF,8.79,0.6894624725581142,Kansas,0.6894624725581142,2026
401862822,10,2026-11-07T05:00:00.000Z,False,Tulane,Tulsa,5.39,0.6131435727218031,Tulane,0.6131435727218031,2026
401862821,10,2026-11-07T05:00:00.000Z,False,North Texas,Rice,16.44,0.825827578626329,North Texas,0.825827578626329,2026
401870795,10,2026-11-07T05:00:00.000Z,False,New Mexico State,Liberty,-2.69,0.4156358229481291,Liberty,0.5843641770518708,2026
401871098,10,2026-11-07T05:00:00.000Z,False,Troy,Louisiana Tech,-2.24,0.42656589558314373,Louisiana Tech,0.5734341044168563,2026
401858289,10,2026-11-07T05:00:00.000Z,False,Boston College,Florida State,-5.84,0.34242724566993493,Florida State,0.6575727543300651,2026
401858287,10,2026-11-07T05:00:00.000Z,False,Georgia Tech,Louisville,-3.31,0.40090245943330366,Louisville,0.5990975405666963,2026
401858286,10,2026-11-07T05:00:00.000Z,False,NC State,Duke,-4.18,0.38026627149426034,Duke,0.6197337285057396,2026
401856856,10,2026-11-07T05:00:00.000Z,False,Texas Tech,West Virginia,27.0,0.9311081596490078,Texas Tech,0.9311081596490078,2026
401858285,10,2026-11-07T05:00:00.000Z,False,Syracuse,Clemson,-2.43,0.4219472212529097,Clemson,0.5780527787470904,2026
401856852,10,2026-11-07T05:00:00.000Z,False,Arizona State,Colorado,4.62,0.5949142145808726,Arizona State,0.5949142145808726,2026
401858512,10,2026-11-07T05:00:00.000Z,False,Minnesota,UCLA,-0.36,0.4727109105137457,UCLA,0.5272890894862543,2026
401858515,10,2026-11-07T05:00:00.000Z,False,Purdue,Maryland,1.11,0.50923408177923,Purdue,0.50923408177923,2026
401864534,10,2026-11-07T05:00:00.000Z,False,San José State,Northern Illinois,13.07,0.7724535490793926,San José State,0.7724535490793926,2026
401858511,10,2026-11-07T05:00:00.000Z,False,Michigan,Michigan State,4.88,0.6011442168964202,Michigan,0.6011442168964202,2026
401858517,10,2026-11-07T05:00:00.000Z,False,Wisconsin,Rutgers,23.3,0.9034548745649016,Wisconsin,0.9034548745649016,2026
401858516,10,2026-11-07T05:00:00.000Z,False,Washington,Penn State,-4.91,0.36352216695758977,Penn State,0.6364778330424102,2026
401858513,10,2026-11-07T05:00:00.000Z,False,Northwestern,Iowa,-8.84,0.27883887502213217,Iowa,0.7211611249778678,2026
401858514,10,2026-11-07T05:00:00.000Z,False,Ohio State,Oregon,13.75,0.7841009815628196,Ohio State,0.7841009815628196,2026
401864532,10,2026-11-07T05:00:00.000Z,False,UTEP,Hawai'i,-2.67,0.41621184212750906,Hawai'i,0.5837881578724909,2026
401856853,10,2026-11-07T05:00:00.000Z,False,Baylor,Iowa State,3.02,0.5562428431912124,Baylor,0.5562428431912124,2026
401856738,10,2026-11-07T05:00:00.000Z,False,Auburn,Arkansas,2.41,0.5411901190584252,Auburn,0.5411901190584252,2026
401856741,10,2026-11-07T05:00:00.000Z,False,Ole Miss,Georgia,2.41,0.54118114908066,Ole Miss,0.54118114908066,2026
401856745,10,2026-11-07T05:00:00.000Z,False,Tennessee,Kentucky,12.01,0.7533872875523203,Tennessee,0.7533872875523203,2026
401856739,10,2026-11-07T05:00:00.000Z,False,Florida,Oklahoma,-0.17,0.47739802211155713,Oklahoma,0.5226019778884429,2026
401856742,10,2026-11-07T05:00:00.000Z,False,Mississippi State,Vanderbilt,2.45,0.5421331581489186,Mississippi State,0.5421331581489186,2026
401856744,10,2026-11-07T05:00:00.000Z,False,South Carolina,Texas A&M,1.79,0.5260283248705623,South Carolina,0.5260283248705623,2026
401856743,10,2026-11-07T05:00:00.000Z,False,Missouri,Texas,-4.73,0.3676313928743068,Texas,0.6323686071256932,2026
401856740,10,2026-11-07T05:00:00.000Z,False,LSU,Alabama,5.53,0.6166017509714554,LSU,0.6166017509714554,2026
401869927,10,2026-11-07T05:00:00.000Z,False,App State,Georgia State,9.89,0.71241271783419,App State,0.71241271783419,2026
401858292,10,2026-11-07T17:00:00.000Z,False,UConn,North Carolina,4.33,0.588047880594559,UConn,0.588047880594559,2026
401862820,10,2026-11-07T20:30:00.000Z,False,Navy,Temple,5.45,0.6147398221744993,Navy,0.6147398221744993,2026
401860911,10,2026-11-07T23:00:00.000Z,False,Colorado State,Boise State,-2.73,0.4147212105842746,Boise State,0.5852787894157254,2026
401871075,10,2026-11-08T00:00:00.000Z,False,Jacksonville State,Sam Houston,10.13,0.7172286197361842,Jacksonville State,0.7172286197361842,2026
401858291,10,2026-11-08T00:30:00.000Z,False,Notre Dame,Miami,-10.8,0.24153197068426854,Miami,0.7584680293157314,2026
401862823,10,2026-11-08T00:30:00.000Z,False,Army,Air Force,3.21,0.5609653810104482,Army,0.5609653810104482,2026
401860913,10,2026-11-08T02:30:00.000Z,False,Utah State,Fresno State,9.93,0.7132745031883956,Utah State,0.7132745031883956,2026
401860912,10,2026-11-08T03:30:00.000Z,False,Oregon State,Texas State,4.34,0.5883062290691286,Oregon State,0.5883062290691286,2026
401864535,10,2026-11-08T03:30:00.000Z,False,UNLV,Wyoming,16.96,0.8331699342865502,UNLV,0.8331699342865502,2026
401866458,11,2026-11-10T05:00:00.000Z,False,Akron,Western Michigan,-7.28,0.31092953248332605,Western Michigan,0.6890704675166739,2026
401866459,11,2026-11-10T05:00:00.000Z,False,Bowling Green,Kent State,18.7,0.8557899793745682,Bowling Green,0.8557899793745682,2026
401866460,11,2026-11-10T05:00:00.000Z,False,Miami (OH),Ohio,3.09,0.5579864048977662,Miami (OH),0.5579864048977662,2026
401866463,11,2026-11-11T05:00:00.000Z,False,Toledo,Massachusetts,16.99,0.8334983371616143,Toledo,0.8334983371616143,2026
401866461,11,2026-11-11T05:00:00.000Z,False,Ball State,Buffalo,-11.64,0.22662919480506838,Buffalo,0.7733708051949316,2026
401862824,11,2026-11-13T01:00:00.000Z,False,South Florida,Memphis,1.24,0.5122315112867657,South Florida,0.5122315112867657,2026
401869969,11,2026-11-13T02:00:00.000Z,False,UL Monroe,Louisiana,-8.71,0.2813963332983099,Louisiana,0.7186036667016902,2026
401858293,11,2026-11-14T00:00:00.000Z,False,Pittsburgh,Florida State,11.53,0.7445497193544863,Pittsburgh,0.7445497193544863,2026
401858526,11,2026-11-14T02:00:00.000Z,False,UCLA,Illinois,-0.41,0.4714402915101558,Illinois,0.5285597084898441,2026
401856860,11,2026-11-14T03:15:00.000Z,False,Colorado,Houston,2.8,0.550932618093557,Colorado,0.550932618093557,2026
401856888,11,2026-11-14T05:00:00.000Z,False,Texas A&M,Tennessee,10.0,0.7145836610752985,Texas A&M,0.7145836610752985,2026
401856887,11,2026-11-14T05:00:00.000Z,False,Oklahoma,Ole Miss,7.84,0.6691251162826031,Oklahoma,0.6691251162826031,2026
401862826,11,2026-11-14T05:00:00.000Z,False,Tulsa,Florida Atlantic,12.64,0.7649087614154184,Tulsa,0.7649087614154184,2026
401864540,11,2026-11-14T05:00:00.000Z,False,UTEP,Wyoming,-0.43,0.4709397215926307,Wyoming,0.5290602784073692,2026
401869937,11,2026-11-14T05:00:00.000Z,False,Coastal Carolina,Arkansas State,0.79,0.5012522600911868,Coastal Carolina,0.5012522600911868,2026
401862827,11,2026-11-14T05:00:00.000Z,False,UTSA,North Texas,5.24,0.6096618696314806,UTSA,0.6096618696314806,2026
401864536,11,2026-11-14T05:00:00.000Z,False,Northern Illinois,Nevada,-11.3,0.23251442862210966,Nevada,0.7674855713778903,2026
401870752,11,2026-11-14T05:00:00.000Z,False,Western Kentucky,Jacksonville State,1.73,0.5244863997974896,Western Kentucky,0.5244863997974896,2026
401870796,11,2026-11-14T05:00:00.000Z,False,Missouri State,New Mexico State,-3.01,0.4081414319648092,New Mexico State,0.5918585680351909,2026
401871099,11,2026-11-14T05:00:00.000Z,False,Louisiana Tech,Southern Miss,7.87,0.669737631410145,Louisiana Tech,0.669737631410145,2026
401858518,11,2026-11-14T05:00:00.000Z,False,Indiana,USC,13.67,0.7827350120333585,Indiana,0.7827350120333585,2026
401858521,11,2026-11-14T05:00:00.000Z,False,Michigan State,Washington,-6.96,0.3178022670537819,Washington,0.6821977329462181,2026
401856864,11,2026-11-14T05:00:00.000Z,False,Arizona,Utah,-2.74,0.41450439776794173,Utah,0.5854956022320583,2026
401858523,11,2026-11-14T05:00:00.000Z,False,Oregon,Michigan,13.54,0.7804886304834806,Oregon,0.7804886304834806,2026
401871100,11,2026-11-14T05:00:00.000Z,False,South Alabama,Troy,4.66,0.5958408770096667,South Alabama,0.5958408770096667,2026
401856862,11,2026-11-14T05:00:00.000Z,False,TCU,Kansas State,-2.0,0.4324679032841274,Kansas State,0.5675320967158726,2026
401858520,11,2026-11-14T05:00:00.000Z,False,Maryland,Wisconsin,-2.92,0.41023592990694957,Wisconsin,0.5897640700930504,2026
401856857,11,2026-11-14T05:00:00.000Z,False,UCF,Arizona State,3.07,0.557529880202724,UCF,0.557529880202724,2026
401856889,11,2026-11-14T05:00:00.000Z,False,Vanderbilt,Alabama,0.98,0.5060087879004935,Vanderbilt,0.5060087879004935,2026
401856885,11,2026-11-14T05:00:00.000Z,False,LSU,Texas,2.15,0.5349196282134868,LSU,0.5349196282134868,2026
401869952,11,2026-11-14T05:00:00.000Z,False,Georgia State,Georgia Southern,-1.17,0.4526849959053109,Georgia Southern,0.547315004094689,2026
401858300,11,2026-11-14T05:00:00.000Z,False,NC State,Syracuse,8.0,0.6725191213355616,NC State,0.6725191213355616,2026
401858519,11,2026-11-14T05:00:00.000Z,False,Iowa,Purdue,19.83,0.8690430891012342,Iowa,0.8690430891012342,2026
401858301,11,2026-11-14T05:00:00.000Z,False,SMU,Wake Forest,11.1,0.7362644219983537,SMU,0.7362644219983537,2026
401856886,11,2026-11-14T05:00:00.000Z,False,Mississippi State,Auburn,5.41,0.6137584163333015,Mississippi State,0.6137584163333015,2026
401856882,11,2026-11-14T05:00:00.000Z,False,Arkansas,South Carolina,-0.41,0.47150128875805114,South Carolina,0.5284987112419488,2026
401862828,11,2026-11-14T05:00:00.000Z,False,Rice,Tulane,-6.11,0.3364755042086093,Tulane,0.6635244957913907,2026
401856883,11,2026-11-14T05:00:00.000Z,False,Georgia,Missouri,7.99,0.6723262407073316,Georgia,0.6723262407073316,2026
401870769,11,2026-11-14T05:00:00.000Z,False,Sam Houston,Kennesaw State,-2.52,0.4199221705594474,Kennesaw State,0.5800778294405526,2026
401856858,11,2026-11-14T05:00:00.000Z,False,BYU,Baylor,6.13,0.630446508850454,BYU,0.630446508850454,2026
401856859,11,2026-11-14T05:00:00.000Z,False,Iowa State,Cincinnati,3.64,0.5714463572642167,Iowa State,0.5714463572642167,2026
401858296,11,2026-11-14T05:00:00.000Z,False,Miami,Duke,18.12,0.8484900222725258,Miami,0.8484900222725258,2026
401856884,11,2026-11-14T05:00:00.000Z,False,Kentucky,Florida,-6.95,0.31813425196945877,Florida,0.6818657480305412,2026
401858298,11,2026-11-14T05:00:00.000Z,False,North Carolina,Louisville,-4.94,0.36273729160776513,Louisville,0.6372627083922349,2026
401858297,11,2026-11-14T05:00:00.000Z,False,Clemson,Georgia Tech,1.1,0.5088676476183486,Clemson,0.5088676476183486,2026
401862829,11,2026-11-14T05:00:00.000Z,False,Temple,UAB,10.93,0.7330642292970272,Temple,0.7330642292970272,2026
401862825,11,2026-11-14T05:00:00.000Z,False,Charlotte,East Carolina,-9.1,0.27380560713028995,East Carolina,0.7261943928697101,2026
401858295,11,2026-11-14T05:00:00.000Z,False,Virginia,California,23.01,0.9009956058540167,Virginia,0.9009956058540167,2026
401856861,11,2026-11-14T05:00:00.000Z,False,West Virginia,Kansas,-6.54,0.32693486977971986,Kansas,0.6730651302202801,2026
401856863,11,2026-11-14T05:00:00.000Z,False,Oklahoma State,Texas Tech,-22.92,0.08740827535098361,Texas Tech,0.9125917246490164,2026
401858299,11,2026-11-14T05:00:00.000Z,False,Virginia Tech,Stanford,9.9,0.7126641977138315,Virginia Tech,0.7126641977138315,2026
401858524,11,2026-11-14T05:00:00.000Z,False,Penn State,Minnesota,26.76,0.9295635922040337,Penn State,0.9295635922040337,2026
401858522,11,2026-11-14T05:00:00.000Z,False,Ohio State,Northwestern,22.38,0.8952167976095281,Ohio State,0.8952167976095281,2026
401869928,11,2026-11-14T05:00:00.000Z,False,Marshall,App State,4.06,0.5814275294679448,Marshall,0.5814275294679448,2026
401858525,11,2026-11-14T05:00:00.000Z,False,Rutgers,Nebraska,-13.06,0.20294167419685336,Nebraska,0.7970583258031466,2026
401871060,11,2026-11-14T05:00:00.000Z,False,Delaware,Florida International,0.61,0.4966577279491745,Florida International,0.5033422720508255,2026
401861967,11,2026-11-14T17:00:00.000Z,False,UConn,James Madison,1.86,0.5275729048159006,UConn,0.5275729048159006,2026
401871061,11,2026-11-14T20:30:00.000Z,False,Liberty,Middle Tennessee,10.2,0.7186842214773053,Liberty,0.7186842214773053,2026
401858294,11,2026-11-14T20:30:00.000Z,False,Notre Dame,Boston College,12.42,0.7609446691809129,Notre Dame,0.7609446691809129,2026
401860916,11,2026-11-14T21:00:00.000Z,False,Texas State,Fresno State,3.48,0.5673523073950072,Texas State,0.5673523073950072,2026
401860914,11,2026-11-14T23:00:00.000Z,False,Boise State,Oregon State,15.17,0.8069451710532395,Boise State,0.8069451710532395,2026
401864538,11,2026-11-15T00:00:00.000Z,False,Air Force,San José State,8.32,0.6795508316297458,Air Force,0.6795508316297458,2026
401864539,11,2026-11-15T00:30:00.000Z,False,New Mexico,UNLV,4.72,0.5973176092654593,New Mexico,0.5973176092654593,2026
401860915,11,2026-11-15T02:30:00.000Z,False,San Diego State,Utah State,8.15,0.6757777927830901,San Diego State,0.6757777927830901,2026
401860917,11,2026-11-15T03:30:00.000Z,False,Washington State,Colorado State,9.84,0.7113022099583169,Washington State,0.7113022099583169,2026
401866465,12,2026-11-17T05:00:00.000Z,False,Western Michigan,Eastern Michigan,13.59,0.7813961905621992,Western Michigan,0.7813961905621992,2026
401866466,12,2026-11-17T05:00:00.000Z,False,Kent State,Miami (OH),-8.27,0.29032051534627046,Miami (OH),0.7096794846537295,2026
401866464,12,2026-11-17T05:00:00.000Z,False,Ohio,Ball State,13.81,0.7851763365284559,Ohio,0.7851763365284559,2026
401866467,12,2026-11-18T05:00:00.000Z,False,Massachusetts,Akron,4.07,0.5817478187960048,Massachusetts,0.5817478187960048,2026
401866469,12,2026-11-18T05:00:00.000Z,False,Buffalo,Central Michigan,12.91,0.7696567893174503,Buffalo,0.7696567893174503,2026
401869938,12,2026-11-19T05:00:00.000Z,False,Louisiana Tech,Arkansas State,8.87,0.6912799937438421,Louisiana Tech,0.6912799937438421,2026
401862830,12,2026-11-20T00:30:00.000Z,False,Temple,Rice,12.14,0.7559228686625703,Temple,0.7559228686625703,2026
401856869,12,2026-11-20T23:00:00.000Z,False,UCF,Iowa State,-1.64,0.441128522953301,Iowa State,0.5588714770466989,2026
401866468,12,2026-11-21T00:30:00.000Z,False,Toledo,Bowling Green,12.95,0.7703170543742598,Toledo,0.7703170543742598,2026
401858303,12,2026-11-21T00:30:00.000Z,False,Duke,Clemson,9.75,0.7095571325893685,Duke,0.7095571325893685,2026
401858529,12,2026-11-21T01:00:00.000Z,False,Michigan State,Oregon,-7.15,0.3138121443935351,Oregon,0.6861878556064649,2026
401864545,12,2026-11-21T01:00:00.000Z,False,Air Force,UTEP,20.47,0.8760609322170547,Air Force,0.8760609322170547,2026
401858310,12,2026-11-21T05:00:00.000Z,False,Georgia Tech,Wake Forest,2.87,0.5526737904573404,Georgia Tech,0.5526737904573404,2026
401858534,12,2026-11-21T05:00:00.000Z,False,USC,Maryland,14.5,0.7964260376200151,USC,0.7964260376200151,2026
401858535,12,2026-11-21T05:00:00.000Z,False,Washington,Indiana,-7.63,0.3037367947849878,Indiana,0.6962632052150122,2026
401858530,12,2026-11-21T05:00:00.000Z,False,Minnesota,Northwestern,-2.15,0.4288553755144447,Northwestern,0.5711446244855554,2026
401858528,12,2026-11-21T05:00:00.000Z,False,Michigan,UCLA,4.39,0.5894720281147027,Michigan,0.5894720281147027,2026
401856872,12,2026-11-21T05:00:00.000Z,False,TCU,Utah,-9.09,0.27397087822700245,Utah,0.7260291217729975,2026
401856867,12,2026-11-21T05:00:00.000Z,False,Cincinnati,Colorado,9.45,0.7033054544932544,Cincinnati,0.7033054544932544,2026
401856865,12,2026-11-21T05:00:00.000Z,False,Kansas State,Arizona,3.16,0.5597609924408968,Kansas State,0.5597609924408968,2026
401858302,12,2026-11-21T05:00:00.000Z,False,Miami,Virginia Tech,27.58,0.934662094007118,Miami,0.934662094007118,2026
401858306,12,2026-11-21T05:00:00.000Z,False,Louisville,Pittsburgh,-1.03,0.45613746972884395,Pittsburgh,0.543862530271156,2026
401858309,12,2026-11-21T05:00:00.000Z,False,Boston College,Syracuse,7.08,0.6521858997530142,Boston College,0.6521858997530142,2026
401858305,12,2026-11-21T05:00:00.000Z,False,Virginia,North Carolina,13.08,0.7725655073235025,Virginia,0.7725655073235025,2026
401858304,12,2026-11-21T05:00:00.000Z,False,Florida State,NC State,12.43,0.7611787700395699,Florida State,0.7611787700395699,2026
401858308,12,2026-11-21T05:00:00.000Z,False,California,Stanford,4.45,0.5909209597243241,California,0.5909209597243241,2026
401869929,12,2026-11-21T05:00:00.000Z,False,App State,UL Monroe,16.51,0.8267791764784944,App State,0.8267791764784944,2026
401864541,12,2026-11-21T05:00:00.000Z,False,Nevada,Hawai'i,15.22,0.8077008417634485,Nevada,0.8077008417634485,2026
401856871,12,2026-11-21T05:00:00.000Z,False,Baylor,Texas Tech,-9.56,0.2647039755662722,Texas Tech,0.7352960244337279,2026
401862836,12,2026-11-21T05:00:00.000Z,False,UAB,UTSA,-9.2,0.27178057477581363,UTSA,0.7282194252241864,2026
401862833,12,2026-11-21T05:00:00.000Z,False,Florida Atlantic,South Florida,-12.41,0.21350226984153511,South Florida,0.7864977301584649,2026
401862835,12,2026-11-21T05:00:00.000Z,False,Tulane,North Texas,0.93,0.5047734456549997,Tulane,0.5047734456549997,2026
401862832,12,2026-11-21T05:00:00.000Z,False,Tulsa,Charlotte,16.93,0.8327052439824755,Tulsa,0.8327052439824755,2026
401856755,12,2026-11-21T05:00:00.000Z,False,Texas,Arkansas,11.53,0.7444722195043719,Texas,0.7444722195043719,2026
401856753,12,2026-11-21T05:00:00.000Z,False,South Carolina,Georgia,4.4,0.5896287682557192,South Carolina,0.5896287682557192,2026
401856870,12,2026-11-21T05:00:00.000Z,False,Arizona State,Oklahoma State,13.13,0.7734647988750154,Arizona State,0.7734647988750154,2026
401856751,12,2026-11-21T05:00:00.000Z,False,Missouri,Kentucky,11.41,0.7422245074014543,Missouri,0.7422245074014543,2026
401856868,12,2026-11-21T05:00:00.000Z,False,West Virginia,Houston,-2.28,0.4256149774681183,Houston,0.5743850225318816,2026
401856754,12,2026-11-21T05:00:00.000Z,False,Tennessee,LSU,-2.53,0.4196275928719152,LSU,0.5803724071280848,2026
401856866,12,2026-11-21T05:00:00.000Z,False,Kansas,BYU,1.75,0.5249198374402136,Kansas,0.5249198374402136,2026
401871080,12,2026-11-21T05:00:00.000Z,False,Liberty,Western Kentucky,11.68,0.7473763067198249,Liberty,0.7473763067198249,2026
401871078,12,2026-11-21T05:00:00.000Z,False,Kennesaw State,Florida International,2.15,0.5348356399097084,Kennesaw State,0.5348356399097084,2026
401871081,12,2026-11-21T05:00:00.000Z,False,Sam Houston,Middle Tennessee,-2.07,0.4306721649165468,Middle Tennessee,0.5693278350834532,2026
401856748,12,2026-11-21T05:00:00.000Z,False,Florida,Vanderbilt,4.47,0.5914603359865018,Florida,0.5914603359865018,2026
401856752,12,2026-11-21T05:00:00.000Z,False,Oklahoma,Texas A&M,3.89,0.5774484767800787,Oklahoma,0.5774484767800787,2026
401869958,12,2026-11-21T05:00:00.000Z,False,Marshall,Georgia State,10.19,0.7184870481803705,Marshall,0.7184870481803705,2026
401869953,12,2026-11-21T05:00:00.000Z,False,Troy,Georgia Southern,3.85,0.5764919288922897,Troy,0.5764919288922897,2026
401871101,12,2026-11-21T05:00:00.000Z,False,Southern Miss,South Alabama,4.73,0.5977033559786101,Southern Miss,0.5977033559786101,2026
401871079,12,2026-11-21T05:00:00.000Z,False,Jacksonville State,Missouri State,11.07,0.7356863483475119,Jacksonville State,0.7356863483475119,2026
401871077,12,2026-11-21T05:00:00.000Z,False,New Mexico State,Delaware,4.85,0.6004608293734938,New Mexico State,0.6004608293734938,2026
401858533,12,2026-11-21T05:00:00.000Z,False,Purdue,Wisconsin,-5.56,0.34867972517694407,Wisconsin,0.651320274823056,2026
401869946,12,2026-11-21T05:00:00.000Z,False,Louisiana,Coastal Carolina,6.67,0.6427942453585148,Louisiana,0.6427942453585148,2026
401858531,12,2026-11-21T05:00:00.000Z,False,Nebraska,Ohio State,-11.76,0.2245682075049074,Ohio State,0.7754317924950926,2026
401858532,12,2026-11-21T05:00:00.000Z,False,Penn State,Rutgers,34.56,0.966208021398302,Penn State,0.966208021398302,2026
401858527,12,2026-11-21T05:00:00.000Z,False,Illinois,Iowa,-6.46,0.3286439064178279,Iowa,0.6713560935821721,2026
401862831,12,2026-11-21T17:00:00.000Z,False,Army,East Carolina,7.36,0.658451306873474,Army,0.658451306873474,2026
401862834,12,2026-11-21T17:00:00.000Z,False,Navy,Memphis,-4.19,0.38018295113632594,Memphis,0.6198170488636741,2026
401861968,12,2026-11-21T20:30:00.000Z,False,UConn,Old Dominion,4.65,0.5956849418791523,UConn,0.5956849418791523,2026
401860920,12,2026-11-21T23:00:00.000Z,False,Texas State,Washington State,-7.84,0.29932921590522965,Washington State,0.7006707840947703,2026
401858307,12,2026-11-22T00:30:00.000Z,False,Notre Dame,SMU,-1.32,0.4490919610044288,SMU,0.5509080389955712,2026
401860918,12,2026-11-22T00:30:00.000Z,False,Fresno State,Colorado State,-1.48,0.4452617996378836,Colorado State,0.5547382003621164,2026
401864544,12,2026-11-22T01:00:00.000Z,False,San José State,UNLV,-1.5,0.4447517915398603,UNLV,0.5552482084601398,2026
401864542,12,2026-11-22T02:00:00.000Z,False,Wyoming,New Mexico,-10.42,0.24858588323736575,New Mexico,0.7514141167626343,2026
401860925,12,2026-11-22T02:30:00.000Z,False,Boise State,San Diego State,4.9,0.6016943122644488,Boise State,0.6016943122644488,2026
401860919,12,2026-11-22T03:30:00.000Z,False,Oregon State,Utah State,-2.12,0.4296408750015906,Utah State,0.5703591249984095,2026
401866470,13,2026-11-24T05:00:00.000Z,False,Eastern Michigan,Kent State,15.55,0.8128487360885639,Eastern Michigan,0.8128487360885639,2026
401866471,13,2026-11-24T05:00:00.000Z,False,Western Michigan,Miami (OH),13.36,0.7774772622428474,Western Michigan,0.7774772622428474,2026
401856879,13,2026-11-27T01:00:00.000Z,False,Texas Tech,TCU,21.37,0.8854990592299963,Texas Tech,0.8854990592299963,2026
401862837,13,2026-11-27T05:00:00.000Z,False,East Carolina,Florida Atlantic,12.32,0.7591190692630622,East Carolina,0.7591190692630622,2026
401866472,13,2026-11-27T05:00:00.000Z,False,Akron,Buffalo,-3.68,0.3921453800993041,Buffalo,0.6078546199006959,2026
401866473,13,2026-11-27T05:00:00.000Z,False,Ohio,Toledo,-7.69,0.30237108267604695,Toledo,0.697628917323953,2026
401862839,13,2026-11-27T05:00:00.000Z,False,South Florida,Tulane,9.4,0.7024111956994822,South Florida,0.7024111956994822,2026
401862838,13,2026-11-27T05:00:00.000Z,False,Memphis,Temple,13.4,0.7781383019780739,Memphis,0.7781383019780739,2026
401856762,13,2026-11-27T17:00:00.000Z,False,Ole Miss,Mississippi State,5.62,0.6186224682253544,Ole Miss,0.6186224682253544,2026
401858536,13,2026-11-27T17:00:00.000Z,False,Iowa,Nebraska,13.24,0.7754750316540917,Iowa,0.7754750316540917,2026
401869930,13,2026-11-27T20:00:00.000Z,False,South Alabama,App State,3.55,0.569067801239529,South Alabama,0.569067801239529,2026
401856759,13,2026-11-27T20:30:00.000Z,False,Florida State,Florida,-4.66,0.369250720564694,Florida,0.630749279435306,2026
401856756,13,2026-11-28T00:30:00.000Z,False,Texas A&M,Texas,2.11,0.5338876976836223,Texas A&M,0.5338876976836223,2026
401858544,13,2026-11-28T00:30:00.000Z,False,Wisconsin,Minnesota,15.5,0.8120009925023955,Wisconsin,0.8120009925023955,2026
401856880,13,2026-11-28T02:00:00.000Z,False,Utah,West Virginia,22.23,0.8938261833728939,Utah,0.8938261833728939,2026
401856878,13,2026-11-28T05:00:00.000Z,False,Iowa State,Kansas State,3.04,0.5566044411260799,Iowa State,0.5566044411260799,2026
401858316,13,2026-11-28T05:00:00.000Z,False,Stanford,SMU,-16.73,0.15025292875477406,SMU,0.849747071245226,2026
401866475,13,2026-11-28T05:00:00.000Z,False,Bowling Green,Massachusetts,7.79,0.6680374678239891,Bowling Green,0.6680374678239891,2026
401871063,13,2026-11-28T05:00:00.000Z,False,Missouri State,Liberty,-9.46,0.2667515409864249,Liberty,0.733248459013575,2026
401871083,13,2026-11-28T05:00:00.000Z,False,Middle Tennessee,New Mexico State,3.76,0.574238351572479,Middle Tennessee,0.574238351572479,2026
401871082,13,2026-11-28T05:00:00.000Z,False,Florida International,Sam Houston,11.63,0.7464785471913118,Florida International,0.7464785471913118,2026
401856873,13,2026-11-28T05:00:00.000Z,False,Arizona,Arizona State,9.78,0.7102371250638143,Arizona,0.7102371250638143,2026
401869954,13,2026-11-28T05:00:00.000Z,False,Georgia Southern,Louisiana Tech,-2.34,0.4242216090847873,Louisiana Tech,0.5757783909152128,2026
401864550,13,2026-11-28T05:00:00.000Z,False,Northern Illinois,UTEP,6.58,0.6409099747809445,Northern Illinois,0.6409099747809445,2026
401869939,13,2026-11-28T05:00:00.000Z,False,Arkansas State,Troy,4.64,0.5953580001821561,Arkansas State,0.5953580001821561,2026
401862840,13,2026-11-28T05:00:00.000Z,False,UTSA,Tulsa,9.69,0.7083414020727435,UTSA,0.7083414020727435,2026
401856761,13,2026-11-28T05:00:00.000Z,False,Kentucky,Louisville,-1.52,0.4441386537519199,Louisville,0.5558613462480801,2026
401858543,13,2026-11-28T05:00:00.000Z,False,UCLA,USC,-7.94,0.2971462652924234,USC,0.7028537347075766,2026
401858537,13,2026-11-28T05:00:00.000Z,False,Illinois,Northwestern,6.13,0.6305790345506948,Illinois,0.6305790345506948,2026
401858311,13,2026-11-28T05:00:00.000Z,False,Miami,Boston College,26.97,0.930923497788139,Miami,0.930923497788139,2026
401856875,13,2026-11-28T05:00:00.000Z,False,Colorado,UCF,3.58,0.5697748715799241,Colorado,0.5697748715799241,2026
401862842,13,2026-11-28T05:00:00.000Z,False,Charlotte,Navy,-11.27,0.23301321649992868,Navy,0.7669867835000713,2026
401856764,13,2026-11-28T05:00:00.000Z,False,Clemson,South Carolina,-13.22,0.200339383291441,South Carolina,0.799660616708559,2026
401856758,13,2026-11-28T05:00:00.000Z,False,Arkansas,LSU,-2.41,0.42241766200306585,LSU,0.5775823379969341,2026
401858542,13,2026-11-28T05:00:00.000Z,False,Rutgers,Michigan State,-7.67,0.30280756879718457,Michigan State,0.6971924312028155,2026
401856876,13,2026-11-28T05:00:00.000Z,False,BYU,Cincinnati,5.28,0.6106912710634058,BYU,0.6106912710634058,2026
401856877,13,2026-11-28T05:00:00.000Z,False,Oklahoma State,Kansas,-9.96,0.2570156117087394,Kansas,0.7429843882912606,2026
401871103,13,2026-11-28T05:00:00.000Z,False,Old Dominion,Southern Miss,11.26,0.7394500964790749,Old Dominion,0.7394500964790749,2026
401858312,13,2026-11-28T05:00:00.000Z,False,Wake Forest,Duke,1.3,0.513747536941775,Wake Forest,0.513747536941775,2026
401858313,13,2026-11-28T05:00:00.000Z,False,North Carolina,NC State,6.72,0.6440773004861964,North Carolina,0.6440773004861964,2026
401869947,13,2026-11-28T05:00:00.000Z,False,James Madison,Coastal Carolina,18.02,0.8472414082789441,James Madison,0.8472414082789441,2026
401866474,13,2026-11-28T05:00:00.000Z,False,Ball State,Central Michigan,-2.48,0.4207080998548383,Central Michigan,0.5792919001451617,2026
401870804,13,2026-11-28T05:00:00.000Z,False,Western Kentucky,Kennesaw State,1.83,0.5269964434234192,Western Kentucky,0.5269964434234192,2026
401856763,13,2026-11-28T05:00:00.000Z,False,Missouri,Oklahoma,-3.22,0.4030284547559157,Oklahoma,0.5969715452440842,2026
401858315,13,2026-11-28T05:00:00.000Z,False,California,Pittsburgh,-19.67,0.11673848363562904,Pittsburgh,0.883261516364371,2026
401858317,13,2026-11-28T05:00:00.000Z,False,Virginia Tech,Virginia,-10.05,0.2553735861317859,Virginia,0.7446264138682142,2026
401858314,13,2026-11-28T05:00:00.000Z,False,Syracuse,Notre Dame,-8.24,0.2910824024587523,Notre Dame,0.7089175975412477,2026
401861969,13,2026-11-28T05:00:00.000Z,False,Wyoming,UConn,-8.96,0.27646350763389704,UConn,0.723536492366103,2026
401858538,13,2026-11-28T05:00:00.000Z,False,Indiana,Purdue,27.05,0.9314283963026919,Indiana,0.9314283963026919,2026
401869959,13,2026-11-28T05:00:00.000Z,False,Georgia State,Louisiana,-2.1,0.43003546999834524,Louisiana,0.5699645300016547,2026
401871102,13,2026-11-28T05:00:00.000Z,False,UL Monroe,Marshall,-9.3,0.2698837405258659,Marshall,0.7301162594741342,2026
401858541,13,2026-11-28T05:00:00.000Z,False,Oregon,Washington,3.94,0.5786575196574226,Oregon,0.5786575196574226,2026
401858539,13,2026-11-28T05:00:00.000Z,False,Maryland,Penn State,-14.18,0.18543796263360815,Penn State,0.8145620373663919,2026
401856765,13,2026-11-28T05:00:00.000Z,False,Vanderbilt,Tennessee,5.49,0.6155697052659668,Vanderbilt,0.6155697052659668,2026
401856757,13,2026-11-28T05:00:00.000Z,False,Alabama,Auburn,9.49,0.7042804159876243,Alabama,0.7042804159876243,2026
401862841,13,2026-11-28T05:00:00.000Z,False,Rice,Army,-7.76,0.300909999684692,Army,0.699090000315308,2026
401856874,13,2026-11-28T05:00:00.000Z,False,Houston,Baylor,-0.14,0.47820892265425013,Baylor,0.5217910773457499,2026
401862843,13,2026-11-28T05:00:00.000Z,False,North Texas,UAB,15.23,0.8078516124141358,North Texas,0.8078516124141358,2026
401856760,13,2026-11-28T05:00:00.000Z,False,Georgia,Georgia Tech,17.43,0.8395406257474318,Georgia,0.8395406257474318,2026
401858540,13,2026-11-28T17:00:00.000Z,False,Ohio State,Michigan,23.53,0.9054621417756354,Ohio State,0.9054621417756354,2026
401871062,13,2026-11-28T20:30:00.000Z,False,Delaware,Jacksonville State,2.11,0.5338962361680477,Delaware,0.5338962361680477,2026
401864546,13,2026-11-28T21:30:00.000Z,False,New Mexico,Air Force,5.4,0.6135092700005795,New Mexico,0.6135092700005795,2026
401864548,13,2026-11-29T02:00:00.000Z,False,UNLV,Nevada,3.26,0.5621639387301617,UNLV,0.5621639387301617,2026
401862844,15,2026-12-12T20:00:00.000Z,True,Army,Navy,1.43,0.5170174860082808,Army,0.5170174860082808,2026
