team,games,wins,losses,remaining,projected_wins,projected_losses,rating,prior_rating,projected_rank,rating_rank
Penn State,12,1,0,11,10.39,1.61,21.77,16.19,1,3
Notre Dame,12,0,0,12,9.613,2.387,15.87,15.87,2,13
Texas Tech,11,0,0,11,9.458,1.542,18.39,18.39,3,6
Indiana,11,1,0,10,9.448,1.552,24.48,20.12,4,1
Ohio State,12,1,0,11,9.254,2.746,23.28,20.78,5,2
Miami,11,1,0,10,9.211,1.789,19.3,12.91,6,5
Pittsburgh,11,1,0,10,8.489,2.511,13.45,5.33,7,19
Memphis,11,2,0,9,8.276,2.724,6.32,4.56,8,37
Iowa,11,1,0,10,8.252,2.748,17.26,14.53,9,10
Virginia,11,1,0,10,8.221,2.779,9.29,4.31,10,28
USC,12,2,0,10,8.146,3.854,14.57,11.77,11,16
Texas,12,1,0,11,7.957,4.043,19.52,9.57,12,4
Oklahoma,12,1,0,11,7.953,4.047,18.02,11.58,13,7
Utah,11,0,0,11,7.947,3.053,13.61,13.61,14,18
South Florida,11,1,0,10,7.847,3.153,3.8,6.65,15,45
James Madison,11,1,0,10,7.824,3.176,2.44,3.92,16,53
SMU,11,0,0,11,7.554,3.446,8.51,8.51,17,29
LSU,11,1,0,10,7.376,3.624,17.92,8.79,18,8
Oregon,11,1,0,10,7.349,3.651,13.29,16.72,19,21
Texas A&M,11,1,0,10,7.071,3.929,17.88,12.18,20,9
Liberty,11,0,1,10,6.96,4.04,-3.75,-5.22,21,85
Old Dominion,11,0,0,11,6.947,4.053,-0.35,-0.35,22,72
South Carolina,11,1,0,10,6.872,4.128,15.92,9.05,23,12
Alabama,11,1,0,10,6.851,4.149,16.14,8.99,24,11
UTSA,11,0,0,11,6.822,4.178,2.46,2.46,25,52
UConn,11,0,0,11,6.8,4.2,0.54,0.54,26,66
Nevada,10,1,0,9,6.793,3.207,1.53,-7.5,27,58
Kansas State,11,0,0,11,6.721,4.279,6.53,6.53,28,36
Louisville,11,0,0,11,6.645,4.355,7.53,7.53,29,31
UNLV,11,1,1,9,6.623,4.377,1.03,-0.63,30,62
Western Michigan,11,0,1,10,6.606,4.394,-1.95,-6.06,31,78
Georgia,11,0,0,11,6.546,4.454,15.28,15.28,32,14
North Texas,11,0,1,10,6.5,4.5,0.98,5.34,33,63
Duke,11,1,0,10,6.492,4.508,4.94,3.21,34,42
Vanderbilt,11,0,0,11,6.491,4.509,13.37,13.37,35,20
Toledo,10,0,1,9,6.427,3.573,0.55,2.76,36,65
New Mexico,10,1,0,9,6.417,3.583,2.0,-3.27,37,56
Washington,11,0,0,11,6.407,4.593,13.14,13.14,38,22
UCLA,12,1,0,11,6.375,5.625,2.87,-3.08,39,49
Kansas,11,0,0,11,6.326,4.674,5.44,5.44,40,40
Ole Miss,11,0,0,11,6.293,4.707,15.06,15.06,41,15
Arizona,11,0,0,11,6.258,4.742,7.12,7.12,42,33
Cincinnati,11,1,0,10,6.255,4.745,5.92,3.21,43,38
Florida,11,1,0,10,6.247,4.753,14.09,6.69,44,17
BYU,11,0,0,11,6.155,4.845,7.44,7.44,45,32
Army,11,0,0,11,6.146,4.854,-0.19,-0.19,46,71
Tulsa,11,1,0,10,6.103,4.897,-3.48,-6.2,47,83
Michigan State,12,1,0,11,6.069,5.931,2.39,0.18,48,54
Air Force,10,0,0,10,5.992,4.008,0.35,0.35,49,68
Iowa State,11,0,0,11,5.977,5.023,5.81,5.81,50,39
Illinois,11,1,0,10,5.97,5.03,7.04,8.19,51,34
San José State,11,1,1,9,5.955,5.045,-4.22,-8.58,52,88
San Diego State,10,0,0,10,5.885,4.115,2.04,2.04,53,55
Louisiana Tech,11,0,0,11,5.857,5.143,-3.74,-3.74,54,84
Tulane,12,0,1,11,5.755,6.245,-1.85,-0.12,55,77
Wake Forest,11,1,0,10,5.74,5.26,2.48,1.09,56,51
Nebraska,11,1,0,10,5.734,5.266,7.77,4.98,57,30
Florida State,11,1,0,10,5.709,5.291,6.65,8.3,58,35
Boise State,10,0,1,9,5.699,4.301,3.18,-0.25,59,48
Louisiana,11,0,0,11,5.674,5.326,-8.91,-8.91,60,104
Mississippi State,11,1,0,10,5.637,5.363,12.06,6.16,61,23
Tennessee,11,0,0,11,5.627,5.373,11.64,11.64,62,25
Houston,11,1,0,10,5.615,5.385,1.18,1.26,63,60
Navy,11,0,0,11,5.567,5.433,-1.62,-1.62,64,76
Florida International,11,0,1,10,5.544,5.456,-8.15,-11.0,65,94
Auburn,11,1,0,10,5.518,5.482,10.4,12.57,66,27
Michigan,12,1,0,11,5.498,6.502,3.51,7.62,67,46
Washington State,10,0,0,10,5.473,4.527,2.74,2.74,68,50
Marshall,11,0,1,10,5.444,5.556,-8.33,-2.75,69,97
Jacksonville State,10,0,0,10,5.414,4.586,-9.65,-9.65,70,106
Buffalo,10,0,0,10,5.413,4.587,-5.56,-5.56,71,91
Kennesaw State,11,0,0,11,5.411,5.589,-9.75,-9.75,72,108
App State,11,0,0,11,5.393,5.607,-8.63,-8.63,73,99
Missouri,11,0,0,11,5.366,5.634,11.04,11.04,74,26
East Carolina,11,0,1,10,5.359,5.641,-3.8,3.35,75,86
Baylor,11,0,1,10,5.317,5.683,5.07,2.9,76,41
UCF,11,0,0,11,5.237,5.763,0.41,0.41,77,67
South Alabama,11,0,0,11,5.181,5.819,-8.84,-8.84,78,102
Arkansas,11,0,0,11,5.179,5.821,11.75,11.75,79,24
Maryland,11,0,0,11,5.17,5.83,3.83,3.83,80,44
Arkansas State,11,0,1,10,5.154,5.846,-8.86,-9.33,81,103
Troy,11,1,0,10,5.087,5.913,-9.74,-6.22,82,107
Temple,11,0,0,11,5.049,5.951,-3.32,-3.32,83,82
Colorado State,10,1,0,9,4.966,5.034,-3.3,-7.99,84,81
Colorado,11,1,0,10,4.958,6.042,0.23,-2.84,85,69
New Mexico State,11,0,1,10,4.934,6.066,-9.87,-11.51,86,110
Ohio,10,0,1,9,4.909,5.091,-10.89,-8.1,87,116
Northwestern,11,0,0,11,4.799,6.201,4.66,4.66,88,43
Middle Tennessee,11,0,0,11,4.794,6.206,-10.19,-10.19,89,113
Arizona State,11,0,0,11,4.718,6.282,1.09,1.09,90,61
North Carolina,11,1,0,10,4.715,6.285,-0.03,-2.94,91,70
Southern Miss,11,0,0,11,4.692,6.308,-7.86,-7.86,92,93
Georgia Tech,11,0,1,10,4.634,6.366,1.6,4.66,93,57
Clemson,11,0,1,10,4.596,6.404,-1.06,8.08,94,74
NC State,11,0,1,10,4.563,6.437,-3.0,1.98,95,80
Utah State,10,0,0,10,4.545,5.455,-2.36,-2.36,96,79
Delaware,11,0,0,11,4.473,6.527,-11.29,-11.29,97,117
Georgia Southern,11,0,0,11,4.431,6.569,-9.84,-9.84,98,109
Miami (OH),11,0,1,10,4.389,6.611,-11.56,-3.44,99,118
Massachusetts,9,1,0,8,4.368,4.632,-12.68,-24.38,100,125
Wisconsin,11,0,0,11,4.269,6.731,-0.62,-0.62,101,73
Bowling Green,10,0,0,10,4.261,5.739,-8.64,-8.64,102,100
TCU,11,0,1,10,4.215,6.785,0.77,3.67,103,64
Akron,11,0,1,10,4.167,6.833,-12.99,-11.61,104,126
Coastal Carolina,11,0,1,10,3.967,7.033,-11.82,-13.68,105,122
Western Kentucky,11,0,1,10,3.939,7.061,-11.67,-2.65,106,119
West Virginia,11,1,0,10,3.879,7.121,-4.86,-3.0,107,90
Virginia Tech,11,0,0,11,3.844,7.156,-4.52,-4.52,108,89
Purdue,11,0,0,11,3.798,7.202,1.19,1.19,109,59
UAB,11,0,1,10,3.674,7.326,-10.5,-11.64,110,114
Minnesota,11,0,0,11,3.668,7.332,-1.24,-1.24,111,75
Georgia State,11,0,0,11,3.605,7.395,-14.76,-14.76,112,129
Eastern Michigan,10,0,1,9,3.527,6.473,-11.79,-10.69,113,121
Kentucky,11,0,0,11,3.439,7.561,3.39,3.39,114,47
Central Michigan,10,0,1,9,3.433,6.567,-14.71,-9.44,115,128
Fresno State,10,0,1,9,3.404,6.596,-8.53,-2.46,116,98
Wyoming,10,0,1,9,3.367,6.633,-12.17,-7.49,117,123
Boston College,11,0,1,10,3.324,7.676,-3.92,-1.21,118,87
Oregon State,10,0,1,9,3.309,6.691,-8.23,-8.31,119,95
Hawai'i,10,0,2,8,3.269,6.731,-9.94,-2.55,120,111
Florida Atlantic,11,0,1,10,3.263,7.737,-12.36,-4.97,121,124
Sam Houston,11,0,1,10,3.209,7.791,-16.02,-19.54,122,130
Texas State,10,0,1,9,3.163,6.837,-8.81,1.14,123,101
Missouri State,11,0,1,10,3.139,7.861,-16.96,-11.26,124,133
Rice,11,0,0,11,3.109,7.891,-11.71,-11.71,125,120
Syracuse,11,0,0,11,3.048,7.952,-7.25,-7.25,126,92
Stanford,11,1,1,9,3.0,8.0,-10.67,-7.76,127,115
Northern Illinois,10,0,1,9,2.926,7.074,-13.53,-10.81,128,127
California,11,0,1,10,2.824,8.176,-9.97,-4.02,129,112
UTEP,10,0,1,9,2.421,7.579,-16.36,-9.93,130,131
Oklahoma State,11,0,1,10,2.31,8.69,-8.28,-5.56,131,96
UL Monroe,11,0,1,10,2.274,8.726,-21.38,-15.48,132,135
Charlotte,11,0,0,11,2.266,8.734,-16.65,-16.65,133,132
Ball State,10,0,1,9,2.09,7.91,-20.95,-18.45,134,134
Rutgers,11,0,1,10,1.864,9.136,-9.04,2.66,135,105
Kent State,10,0,1,9,1.862,8.138,-23.59,-16.72,136,136
