game_id,week,start_date,neutral_site,home_team,away_team,home_win_prob,favored_team,favored_win_prob,forecast_season
401856766,1,2026-08-29T16:00:00.000Z,True,TCU,North Carolina,0.6916566364430901,TCU,0.6916566364430901,2026
401864494,1,2026-08-29T19:00:00.000Z,False,USC,San José State,0.8747327735405599,USC,0.8747327735405599,2026
401858202,1,2026-08-29T19:30:00.000Z,False,Virginia,NC State,0.6117748259363243,Virginia,0.6117748259363243,2026
401858201,1,2026-08-29T23:00:00.000Z,False,Stanford,Hawai'i,0.45807163406536433,Hawai'i,0.5419283659346357,2026
401864570,1,2026-08-29T23:00:00.000Z,False,Florida State,New Mexico State,0.8696855451866824,Florida State,0.8696855451866824,2026
401862693,1,2026-08-30T02:00:00.000Z,False,UNLV,Memphis,0.4585959774047097,Memphis,0.5414040225952903,2026
401858423,1,2026-09-03T22:00:00.000Z,False,Rutgers,Massachusetts,0.923777338866705,Rutgers,0.923777338866705,2026
401858204,1,2026-09-03T23:00:00.000Z,False,Wake Forest,Akron,0.7876917537954432,Wake Forest,0.7876917537954432,2026
401856776,1,2026-09-04T00:00:00.000Z,False,Georgia Tech,Colorado,0.707194952699661,Georgia Tech,0.707194952699661,2026
401858424,1,2026-09-04T01:00:00.000Z,False,Illinois,UAB,0.8698639903161848,Illinois,0.8698639903161848,2026
401864495,1,2026-09-04T22:30:00.000Z,False,Eastern Michigan,San José State,0.5219871133389459,Eastern Michigan,0.5219871133389459,2026
401858429,1,2026-09-05T00:00:00.000Z,False,Michigan State,Toledo,0.512322342378594,Michigan State,0.512322342378594,2026
401858206,1,2026-09-05T01:00:00.000Z,False,Stanford,Miami,0.19078704836264404,Miami,0.809212951637356,2026
401858436,1,2026-09-05T01:00:00.000Z,False,USC,Fresno State,0.8081579487504179,USC,0.8081579487504179,2026
401856664,1,2026-09-05T04:00:00.000Z,False,Oklahoma,UTEP,0.8847928567394073,Oklahoma,0.8847928567394073,2026
401858207,1,2026-09-05T16:00:00.000Z,False,Pittsburgh,Miami (OH),0.7284478215514035,Pittsburgh,0.7284478215514035,2026
401856634,1,2026-09-05T16:00:00.000Z,False,Alabama,East Carolina,0.6743565352202601,Alabama,0.6743565352202601,2026
401858425,1,2026-09-05T16:00:00.000Z,False,Indiana,North Texas,0.8149079110689759,Indiana,0.8149079110689759,2026
401858430,1,2026-09-05T16:00:00.000Z,False,Nebraska,Ohio,0.7929679605167181,Nebraska,0.7929679605167181,2026
401869960,1,2026-09-05T16:00:00.000Z,False,James Madison,Liberty,0.7343636403929374,James Madison,0.7343636403929374,2026
401856778,1,2026-09-05T16:00:00.000Z,False,Houston,Oregon State,0.7411770791549794,Houston,0.7411770791549794,2026
401856780,1,2026-09-05T16:00:00.000Z,False,West Virginia,Coastal Carolina,0.7584321192151428,West Virginia,0.7584321192151428,2026
401858432,1,2026-09-05T16:30:00.000Z,False,Ohio State,Ball State,0.9707398472424216,Ohio State,0.9707398472424216,2026
401856665,1,2026-09-05T16:45:00.000Z,False,South Carolina,Kent State,0.9160402211365635,South Carolina,0.9160402211365635,2026
401858434,1,2026-09-05T19:30:00.000Z,False,Penn State,Marshall,0.8613693156519067,Penn State,0.8613693156519067,2026
401856636,1,2026-09-05T19:30:00.000Z,True,Auburn,Baylor,0.7428204416545895,Auburn,0.7428204416545895,2026
401856667,1,2026-09-05T19:30:00.000Z,False,Texas,Texas State,0.7228389393651496,Texas,0.7228389393651496,2026
401858209,1,2026-09-05T19:30:00.000Z,False,Duke,Tulane,0.6310439049647314,Duke,0.6310439049647314,2026
401858433,1,2026-09-05T19:30:00.000Z,False,Oregon,Boise State,0.8406883679030772,Oregon,0.8406883679030772,2026
401856777,1,2026-09-05T19:30:00.000Z,False,Cincinnati,Boston College,0.6519693505144514,Cincinnati,0.6519693505144514,2026
401856772,1,2026-09-05T19:45:00.000Z,False,Tulsa,Oklahoma State,0.55232245616768,Tulsa,0.55232245616768,2026
401858426,1,2026-09-05T20:15:00.000Z,False,Iowa,Northern Illinois,0.9133121575851347,Iowa,0.9133121575851347,2026
401860878,1,2026-09-05T22:00:00.000Z,False,Colorado State,Wyoming,0.5549250646577664,Colorado State,0.5549250646577664,2026
401862699,1,2026-09-05T23:00:00.000Z,False,South Florida,Florida International,0.848109688970848,South Florida,0.848109688970848,2026
401870763,1,2026-09-05T23:00:00.000Z,False,Troy,Sam Houston,0.7961594956205842,Troy,0.7961594956205842,2026
401856668,1,2026-09-05T23:00:00.000Z,False,Texas A&M,Missouri State,0.9000380672646127,Texas A&M,0.9000380672646127,2026
401862695,1,2026-09-05T23:00:00.000Z,False,Memphis,Arkansas State,0.8035844599474052,Memphis,0.8035844599474052,2026
401858428,1,2026-09-05T23:30:00.000Z,False,Michigan,Western Michigan,0.8009146383623797,Michigan,0.8009146383623797,2026
401856662,1,2026-09-05T23:30:00.000Z,False,Mississippi State,UL Monroe,0.885863750350328,Mississippi State,0.885863750350328,2026
401856660,1,2026-09-05T23:30:00.000Z,False,LSU,Clemson,0.5795819247731502,LSU,0.5795819247731502,2026
401856637,1,2026-09-05T23:45:00.000Z,False,Florida,Florida Atlantic,0.7729755659018273,Florida,0.7729755659018273,2026
401864497,1,2026-09-06T02:00:00.000Z,False,Hawai'i,UNLV,0.525779919172309,Hawai'i,0.525779919172309,2026
401864498,1,2026-09-06T02:00:00.000Z,False,New Mexico,Central Michigan,0.6839471824978574,New Mexico,0.6839471824978574,2026
401858210,1,2026-09-06T02:30:00.000Z,False,California,UCLA,0.5460633828994659,California,0.5460633828994659,2026
401864432,1,2026-09-06T02:30:00.000Z,False,Nevada,Western Kentucky,0.4655901763885973,Western Kentucky,0.5344098236114028,2026
401858437,1,2026-09-06T20:00:00.000Z,False,Washington,Washington State,0.7543107224045026,Washington,0.7543107224045026,2026
401858438,1,2026-09-06T23:30:00.000Z,True,Wisconsin,Notre Dame,0.2498181328370393,Notre Dame,0.7501818671629608,2026
401856661,1,2026-09-06T23:30:00.000Z,True,Ole Miss,Louisville,0.7075963983290526,Ole Miss,0.7075963983290526,2026
401858212,1,2026-09-07T23:30:00.000Z,False,Florida State,SMU,0.5607378956841343,Florida State,0.5607378956841343,2026
401858214,2,2026-09-11T23:30:00.000Z,False,Boston College,Rutgers,0.4856249553788721,Rutgers,0.5143750446211279,2026
401856678,2,2026-09-12T00:00:00.000Z,False,Kansas,Missouri,0.4500272719973742,Missouri,0.5499727280026259,2026
401864578,2,2026-09-12T04:00:00.000Z,False,Hawai'i,New Mexico State,0.7314905582303893,Hawai'i,0.7314905582303893,2026
401856671,2,2026-09-12T04:00:00.000Z,False,Auburn,Southern Miss,0.8753887854976871,Auburn,0.8753887854976871,2026
401856683,2,2026-09-12T16:00:00.000Z,False,Texas A&M,Arizona State,0.7645984164141074,Texas A&M,0.7645984164141074,2026
401856782,2,2026-09-12T16:00:00.000Z,False,Oklahoma State,Oregon,0.17105589897918824,Oregon,0.8289441010208117,2026
401858442,2,2026-09-12T16:00:00.000Z,False,Temple,Penn State,0.20601483526274988,Penn State,0.7939851647372501,2026
401862702,2,2026-09-12T16:00:00.000Z,False,Army,South Florida,0.42478316170040503,South Florida,0.575216838299595,2026
401858224,2,2026-09-12T16:00:00.000Z,False,Purdue,Wake Forest,0.567046006479035,Purdue,0.567046006479035,2026
401856679,2,2026-09-12T16:00:00.000Z,False,Michigan,Oklahoma,0.48371713702866337,Oklahoma,0.5162828629713366,2026
401864571,2,2026-09-12T16:00:00.000Z,False,East Carolina,App State,0.7775918605717389,East Carolina,0.7775918605717389,2026
401856781,2,2026-09-12T16:00:00.000Z,False,Kansas State,Washington State,0.6399447728356175,Kansas State,0.6399447728356175,2026
401858221,2,2026-09-12T16:00:00.000Z,False,Virginia Tech,Old Dominion,0.4795070695412057,Old Dominion,0.5204929304587943,2026
401856673,2,2026-09-12T16:45:00.000Z,False,Georgia,Western Kentucky,0.8510380755179484,Georgia,0.8510380755179484,2026
401859184,2,2026-09-12T19:30:00.000Z,False,Notre Dame,Rice,0.9268727750773729,Notre Dame,0.9268727750773729,2026
401858446,2,2026-09-12T19:30:00.000Z,False,Washington,Utah State,0.8238053985187002,Washington,0.8238053985187002,2026
401858216,2,2026-09-12T19:30:00.000Z,False,Syracuse,California,0.49891990529944347,California,0.5010800947005565,2026
401862708,2,2026-09-12T19:30:00.000Z,False,UAB,UL Monroe,0.6408424884468739,UAB,0.6408424884468739,2026
401858217,2,2026-09-12T19:30:00.000Z,False,Illinois,Duke,0.6622662754812604,Illinois,0.6622662754812604,2026
401856677,2,2026-09-12T19:30:00.000Z,False,Minnesota,Mississippi State,0.4136110673090278,Mississippi State,0.5863889326909721,2026
401856674,2,2026-09-12T19:30:00.000Z,False,Kentucky,Alabama,0.4500137182014027,Alabama,0.5499862817985973,2026
401856810,2,2026-09-12T19:30:00.000Z,False,BYU,Arizona,0.5718126251118286,BYU,0.5718126251118286,2026
401858444,2,2026-09-12T19:30:00.000Z,False,UConn,Maryland,0.497764622119621,Maryland,0.502235377880379,2026
401856790,2,2026-09-12T19:30:00.000Z,False,Pittsburgh,UCF,0.6613309903529541,Pittsburgh,0.6613309903529541,2026
401860884,2,2026-09-12T19:30:00.000Z,False,Texas State,UTSA,0.5382283068537892,Texas State,0.5382283068537892,2026
401858440,2,2026-09-12T19:30:00.000Z,False,Michigan State,Eastern Michigan,0.7613705700988083,Michigan State,0.7613705700988083,2026
401862705,2,2026-09-12T19:45:00.000Z,False,North Texas,UNLV,0.6803366865650738,North Texas,0.6803366865650738,2026
401856684,2,2026-09-12T20:15:00.000Z,False,Vanderbilt,Delaware,0.9088109823049169,Vanderbilt,0.9088109823049169,2026
401860881,2,2026-09-12T22:00:00.000Z,False,Boise State,Memphis,0.4664296947312007,Memphis,0.5335703052687992,2026
401866418,2,2026-09-12T22:00:00.000Z,False,Ohio,Jacksonville State,0.5962505668166443,Ohio,0.5962505668166443,2026
401866414,2,2026-09-12T22:00:00.000Z,False,Florida International,Buffalo,0.45342231775338937,Buffalo,0.5465776822466106,2026
401858441,2,2026-09-12T23:00:00.000Z,False,Nebraska,Bowling Green,0.8001315508460546,Nebraska,0.8001315508460546,2026
401871045,2,2026-09-12T23:00:00.000Z,False,Marshall,Middle Tennessee,0.7061574103355669,Marshall,0.7061574103355669,2026
401862707,2,2026-09-12T23:00:00.000Z,False,Sam Houston,Tulsa,0.30153416450060305,Tulsa,0.6984658354993969,2026
401856681,2,2026-09-12T23:00:00.000Z,False,Georgia Tech,Tennessee,0.42220709438445764,Tennessee,0.5777929056155424,2026
401869955,2,2026-09-12T23:00:00.000Z,False,Kennesaw State,Georgia State,0.662904493073066,Kennesaw State,0.662904493073066,2026
401864575,2,2026-09-12T23:00:00.000Z,False,Tulane,South Alabama,0.7276225465420925,Tulane,0.7276225465420925,2026
401858443,2,2026-09-12T23:15:00.000Z,False,UCLA,San Diego State,0.4599818090356545,San Diego State,0.5400181909643456,2026
401856682,2,2026-09-12T23:30:00.000Z,False,Texas,Ohio State,0.3399632613693437,Ohio State,0.6600367386306563,2026
401858219,2,2026-09-12T23:30:00.000Z,False,Clemson,Georgia Southern,0.8508801044257148,Clemson,0.8508801044257148,2026
401867796,2,2026-09-12T23:30:00.000Z,False,LSU,Louisiana Tech,0.7853369534979299,LSU,0.7853369534979299,2026
401862703,2,2026-09-12T23:30:00.000Z,False,Florida Atlantic,Navy,0.4964800732070195,Navy,0.5035199267929805,2026
401856783,2,2026-09-12T23:30:00.000Z,False,Oregon State,Texas Tech,0.12537930323757163,Texas Tech,0.8746206967624284,2026
401856788,2,2026-09-12T23:30:00.000Z,False,Iowa,Iowa State,0.7276976501650493,Iowa,0.7276976501650493,2026
401856676,2,2026-09-12T23:45:00.000Z,False,Ole Miss,Charlotte,0.9468939200033402,Ole Miss,0.9468939200033402,2026
401856670,2,2026-09-13T02:15:00.000Z,False,Utah,Arkansas,0.6025036354879378,Utah,0.6025036354879378,2026
401858445,2,2026-09-13T03:00:00.000Z,False,USC,Louisiana,0.8776477188567766,USC,0.8776477188567766,2026
401858225,3,2026-09-17T23:30:00.000Z,False,Pittsburgh,Syracuse,0.7860178766596354,Pittsburgh,0.7860178766596354,2026
401858226,3,2026-09-18T23:30:00.000Z,False,Wake Forest,Miami,0.32883798528945857,Miami,0.6711620147105415,2026
401856811,3,2026-09-19T00:00:00.000Z,False,Texas Tech,Houston,0.8425081258355177,Texas Tech,0.8425081258355177,2026
401869940,3,2026-09-19T15:30:00.000Z,False,Delaware,Coastal Carolina,0.6128511173154535,Delaware,0.6128511173154535,2026
401856792,3,2026-09-19T16:00:00.000Z,False,Kansas State,Tulane,0.6922502661776754,Kansas State,0.6922502661776754,2026
401858229,3,2026-09-19T16:00:00.000Z,False,Clemson,North Carolina,0.7634258516587821,Clemson,0.7634258516587821,2026
401856686,3,2026-09-19T16:00:00.000Z,False,Arkansas,Georgia,0.49282240599928956,Georgia,0.5071775940007104,2026
401858456,3,2026-09-19T16:00:00.000Z,False,Penn State,Buffalo,0.886796247505023,Penn State,0.886796247505023,2026
401858451,3,2026-09-19T16:00:00.000Z,False,Minnesota,Akron,0.7536611377873098,Minnesota,0.7536611377873098,2026
401856798,3,2026-09-19T16:00:00.000Z,False,Iowa State,Bowling Green,0.8107835263772545,Iowa State,0.8107835263772545,2026
401858454,3,2026-09-19T16:00:00.000Z,False,Ohio State,Kent State,0.9663895750138976,Ohio State,0.9663895750138976,2026
401856812,3,2026-09-19T16:00:00.000Z,True,Arizona State,Kansas,0.4757925269084088,Kansas,0.5242074730915912,2026
401858460,3,2026-09-19T16:30:00.000Z,False,Wisconsin,Eastern Michigan,0.7491439353757164,Wisconsin,0.7491439353757164,2026
401856689,3,2026-09-19T16:45:00.000Z,False,Missouri,Troy,0.843916154662005,Missouri,0.843916154662005,2026
401856695,3,2026-09-19T16:45:00.000Z,False,Vanderbilt,NC State,0.7691045197083451,Vanderbilt,0.7691045197083451,2026
401864508,3,2026-09-19T17:00:00.000Z,False,Central Michigan,Wyoming,0.5251189265297046,Central Michigan,0.5251189265297046,2026
401862774,3,2026-09-19T19:00:00.000Z,False,Toledo,Temple,0.6822587229599473,Toledo,0.6822587229599473,2026
401856685,3,2026-09-19T19:30:00.000Z,False,Alabama,Florida State,0.5792378278339106,Alabama,0.5792378278339106,2026
401858230,3,2026-09-19T19:30:00.000Z,False,Louisville,SMU,0.5451477582705946,Louisville,0.5451477582705946,2026
401858450,3,2026-09-19T19:30:00.000Z,False,Michigan,UTEP,0.8469980761678428,Michigan,0.8469980761678428,2026
401856801,3,2026-09-19T19:30:00.000Z,False,Utah,Utah State,0.8293608816711423,Utah,0.8293608816711423,2026
401856797,3,2026-09-19T19:30:00.000Z,False,Cincinnati,Miami (OH),0.692431746540931,Cincinnati,0.692431746540931,2026
401856694,3,2026-09-19T19:30:00.000Z,False,Texas A&M,Kentucky,0.7287237235392687,Texas A&M,0.7287237235392687,2026
401858457,3,2026-09-19T19:30:00.000Z,False,Rutgers,USC,0.3797533182414625,USC,0.6202466817585375,2026
401866422,3,2026-09-19T20:00:00.000Z,False,Liberty,Ball State,0.7948653278109779,Liberty,0.7948653278109779,2026
401858231,3,2026-09-19T20:00:00.000Z,False,Duke,Stanford,0.7628414286987137,Duke,0.7628414286987137,2026
401858449,3,2026-09-19T20:00:00.000Z,False,Indiana,Western Kentucky,0.8949681928560181,Indiana,0.8949681928560181,2026
401867804,3,2026-09-19T20:00:00.000Z,False,Baylor,Louisiana Tech,0.6923232477426415,Baylor,0.6923232477426415,2026
401856691,3,2026-09-19T20:15:00.000Z,False,South Carolina,Mississippi State,0.6225931263830803,South Carolina,0.6225931263830803,2026
401862771,3,2026-09-19T22:00:00.000Z,False,Florida Atlantic,Florida International,0.6813966566182939,Florida Atlantic,0.6813966566182939,2026
401864574,3,2026-09-19T22:00:00.000Z,False,App State,Charlotte,0.7159928089323689,App State,0.7159928089323689,2026
401862710,3,2026-09-19T22:00:00.000Z,False,Old Dominion,East Carolina,0.4890817306917302,East Carolina,0.5109182693082698,2026
401871047,3,2026-09-19T22:30:00.000Z,False,Missouri State,Marshall,0.3916976538388504,Marshall,0.6083023461611496,2026
401861963,3,2026-09-19T23:00:00.000Z,False,Southern Miss,UConn,0.393733314261936,UConn,0.6062666857380641,2026
401864443,3,2026-09-19T23:00:00.000Z,False,Middle Tennessee,Nevada,0.5098490454519793,Middle Tennessee,0.5098490454519793,2026
401862773,3,2026-09-19T23:00:00.000Z,False,Rice,Western Michigan,0.4491645448820916,Western Michigan,0.5508354551179084,2026
401856800,3,2026-09-19T23:00:00.000Z,False,UCF,Georgia State,0.8198069089635295,UCF,0.8198069089635295,2026
401869948,3,2026-09-19T23:00:00.000Z,False,Jacksonville State,Georgia Southern,0.5689710858891265,Jacksonville State,0.5689710858891265,2026
401866423,3,2026-09-19T23:00:00.000Z,False,South Alabama,Ohio,0.5502207726291296,South Alabama,0.5502207726291296,2026
401856687,3,2026-09-19T23:00:00.000Z,False,Auburn,Florida,0.6786619068015256,Auburn,0.6786619068015256,2026
401856802,3,2026-09-19T23:30:00.000Z,True,West Virginia,Virginia,0.4154473799142002,Virginia,0.5845526200857998,2026
401856795,3,2026-09-19T23:30:00.000Z,False,Colorado State,BYU,0.26649956154875126,BYU,0.7335004384512487,2026
401858232,3,2026-09-19T23:30:00.000Z,False,Maryland,Virginia Tech,0.72141978955616,Maryland,0.72141978955616,2026
401856796,3,2026-09-19T23:30:00.000Z,False,Northwestern,Colorado,0.7071715560581465,Northwestern,0.7071715560581465,2026
401858453,3,2026-09-19T23:30:00.000Z,False,Notre Dame,Michigan State,0.8260467399241701,Notre Dame,0.8260467399241701,2026
401856690,3,2026-09-19T23:30:00.000Z,False,Oklahoma,New Mexico,0.815920805224931,Oklahoma,0.815920805224931,2026
401856688,3,2026-09-19T23:30:00.000Z,False,Ole Miss,LSU,0.6856830591610823,Ole Miss,0.6856830591610823,2026
401856692,3,2026-09-19T23:45:00.000Z,False,Tennessee,Kennesaw State,0.8837632087460469,Tennessee,0.8837632087460469,2026
401856799,3,2026-09-20T00:00:00.000Z,False,TCU,Arkansas State,0.7917892553506676,TCU,0.7917892553506676,2026
401856693,3,2026-09-20T00:00:00.000Z,False,Texas,UTSA,0.7004791345587459,Texas,0.7004791345587459,2026
401862776,3,2026-09-20T00:00:00.000Z,False,Louisiana,UAB,0.6195920492166612,Louisiana,0.6195920492166612,2026
401860889,3,2026-09-20T02:00:00.000Z,False,Texas State,North Texas,0.47876247763161184,North Texas,0.5212375223683882,2026
401860887,3,2026-09-20T02:00:00.000Z,False,San Diego State,James Madison,0.5267338754138158,San Diego State,0.5267338754138158,2026
401856793,3,2026-09-20T02:30:00.000Z,False,Arizona,Northern Illinois,0.8509792721172104,Arizona,0.8509792721172104,2026
401858458,3,2026-09-20T03:00:00.000Z,False,UCLA,Purdue,0.4775015843330529,Purdue,0.5224984156669471,2026
401860888,3,2026-09-20T03:00:00.000Z,False,San José State,Fresno State,0.43950662060826684,Fresno State,0.5604933793917332,2026
401869941,4,2026-09-24T23:30:00.000Z,False,Coastal Carolina,Liberty,0.39261741528498956,Liberty,0.6073825847150105,2026
401862779,4,2026-09-25T20:00:00.000Z,False,Temple,Army,0.5009793693210001,Temple,0.5009793693210001,2026
401862778,4,2026-09-25T23:00:00.000Z,False,UAB,Navy,0.36231558999402774,Navy,0.6376844100059722,2026
401858461,4,2026-09-26T00:00:00.000Z,False,Indiana,Northwestern,0.8232459207252343,Indiana,0.8232459207252343,2026
401858234,4,2026-09-26T02:30:00.000Z,False,California,Clemson,0.3237540471014232,Clemson,0.6762459528985768,2026
401860896,4,2026-09-26T04:00:00.000Z,False,UTSA,Colorado State,0.7549530907382881,UTSA,0.7549530907382881,2026
401858464,4,2026-09-26T04:00:00.000Z,False,Michigan State,Nebraska,0.4664561673112562,Nebraska,0.5335438326887438,2026
401858470,4,2026-09-26T04:00:00.000Z,False,Washington,Minnesota,0.8100400360109791,Washington,0.8100400360109791,2026
401858469,4,2026-09-26T04:00:00.000Z,False,USC,Oregon,0.46349148698139725,Oregon,0.5365085130186027,2026
401856805,4,2026-09-26T04:00:00.000Z,False,Texas Tech,Sam Houston,0.9675400057945177,Texas Tech,0.9675400057945177,2026
401864509,4,2026-09-26T04:00:00.000Z,False,Nevada,Air Force,0.4047440521935224,Air Force,0.5952559478064776,2026
401858463,4,2026-09-26T04:00:00.000Z,False,Michigan,Iowa,0.4234061203081836,Iowa,0.5765938796918164,2026
401864512,4,2026-09-26T04:00:00.000Z,False,Akron,UNLV,0.3442287046766689,UNLV,0.6557712953233311,2026
401858467,4,2026-09-26T04:00:00.000Z,False,Purdue,Notre Dame,0.27880908879171423,Notre Dame,0.7211909112082857,2026
401858465,4,2026-09-26T04:00:00.000Z,False,Ohio State,Illinois,0.7862029825772437,Ohio State,0.7862029825772437,2026
401869931,4,2026-09-26T04:00:00.000Z,False,Arkansas State,Kennesaw State,0.5737742357086651,Arkansas State,0.5737742357086651,2026
401858466,4,2026-09-26T04:00:00.000Z,False,Penn State,Wisconsin,0.8389829102431533,Penn State,0.8389829102431533,2026
401862784,4,2026-09-26T04:00:00.000Z,False,Tulane,Southern Miss,0.7113007218319057,Tulane,0.7113007218319057,2026
401856696,4,2026-09-26T04:00:00.000Z,False,Alabama,South Carolina,0.5640716796303139,Alabama,0.5640716796303139,2026
401862785,4,2026-09-26T04:00:00.000Z,False,Bowling Green,South Florida,0.268796170507507,South Florida,0.731203829492493,2026
401862782,4,2026-09-26T04:00:00.000Z,False,UL Monroe,Florida Atlantic,0.35301060029036385,Florida Atlantic,0.6469893997096361,2026
401856816,4,2026-09-26T04:00:00.000Z,False,Iowa State,Utah,0.40549309073285783,Utah,0.5945069092671422,2026
401856815,4,2026-09-26T04:00:00.000Z,False,UCF,TCU,0.4981055133532871,TCU,0.5018944866467129,2026
401858239,4,2026-09-26T04:00:00.000Z,False,Virginia,Delaware,0.8250176537300844,Virginia,0.8250176537300844,2026
401856813,4,2026-09-26T04:00:00.000Z,False,Baylor,Colorado,0.676218451980768,Baylor,0.676218451980768,2026
401858241,4,2026-09-26T04:00:00.000Z,False,SMU,Missouri State,0.8693451173692398,SMU,0.8693451173692398,2026
401858243,4,2026-09-26T04:00:00.000Z,False,Louisville,Wake Forest,0.6886891685095415,Louisville,0.6886891685095415,2026
401856806,4,2026-09-26T04:00:00.000Z,False,Georgia Southern,Houston,0.34210688057873867,Houston,0.6578931194212614,2026
401860893,4,2026-09-26T04:00:00.000Z,False,Toledo,San Diego State,0.5797454852245539,Toledo,0.5797454852245539,2026
401860897,4,2026-09-26T04:00:00.000Z,False,Western Michigan,Boise State,0.4456864984108113,Boise State,0.5543135015891887,2026
401856702,4,2026-09-26T04:00:00.000Z,False,LSU,Texas A&M,0.49558576982207064,Texas A&M,0.5044142301779293,2026
401869961,4,2026-09-26T04:00:00.000Z,False,Old Dominion,James Madison,0.4774474530403872,James Madison,0.5225525469596128,2026
401856703,4,2026-09-26T04:00:00.000Z,False,Mississippi State,Missouri,0.4648619965718314,Missouri,0.5351380034281685,2026
401864572,4,2026-09-26T04:00:00.000Z,False,NC State,App State,0.7573332033468095,NC State,0.7573332033468095,2026
401856699,4,2026-09-26T04:00:00.000Z,False,Florida,Ole Miss,0.39446919952538767,Ole Miss,0.6055308004746123,2026
401866425,4,2026-09-26T04:00:00.000Z,False,Kent State,Ball State,0.5999652995111215,Kent State,0.5999652995111215,2026
401856881,4,2026-09-26T04:00:00.000Z,False,West Virginia,Oklahoma State,0.6163038127769572,West Virginia,0.6163038127769572,2026
401856700,4,2026-09-26T04:00:00.000Z,False,Georgia,Oklahoma,0.6381189433693114,Georgia,0.6381189433693114,2026
401858242,4,2026-09-26T04:00:00.000Z,False,Boston College,Virginia Tech,0.6307136326732896,Boston College,0.6307136326732896,2026
401856814,4,2026-09-26T04:00:00.000Z,False,Cincinnati,Kansas State,0.49714159537511227,Kansas State,0.5028584046248877,2026
401861970,4,2026-09-26T04:00:00.000Z,False,Miami (OH),UConn,0.483340929801485,UConn,0.516659070198515,2026
401856698,4,2026-09-26T04:00:00.000Z,False,Auburn,Vanderbilt,0.5488768154067484,Auburn,0.5488768154067484,2026
401864511,4,2026-09-26T04:00:00.000Z,False,Georgia State,Northern Illinois,0.48381837374303455,Northern Illinois,0.5161816262569654,2026
401862780,4,2026-09-26T04:00:00.000Z,False,Charlotte,Louisiana,0.4068380076906165,Louisiana,0.5931619923093835,2026
401858462,4,2026-09-26T04:00:00.000Z,False,Maryland,UCLA,0.6969053283842656,Maryland,0.6969053283842656,2026
401856704,4,2026-09-26T16:00:00.000Z,False,Tennessee,Texas,0.6065539528086995,Tennessee,0.6065539528086995,2026
401864576,4,2026-09-26T16:45:00.000Z,False,Kentucky,South Alabama,0.7810630810839583,Kentucky,0.7810630810839583,2026
401864510,4,2026-09-26T19:00:00.000Z,False,Wyoming,Hawai'i,0.46375285205109384,Hawai'i,0.5362471479489062,2026
401864579,4,2026-09-26T19:30:00.000Z,False,New Mexico State,New Mexico,0.39690215953335917,New Mexico,0.6030978404666408,2026
401858238,4,2026-09-26T22:30:00.000Z,False,Miami,Central Michigan,0.8916915561277176,Miami,0.8916915561277176,2026
401871048,4,2026-09-26T23:00:00.000Z,False,Jacksonville State,Middle Tennessee,0.5762114616149653,Jacksonville State,0.5762114616149653,2026
401860894,4,2026-09-26T23:30:00.000Z,False,Utah State,Troy,0.6413675955491166,Utah State,0.6413675955491166,2026
401856804,4,2026-09-26T23:30:00.000Z,False,Washington State,Arizona,0.47514529837138086,Arizona,0.5248547016286191,2026
401856697,4,2026-09-27T00:00:00.000Z,False,Arkansas,Tulsa,0.8512604554999023,Arkansas,0.8512604554999023,2026
401860895,4,2026-09-27T01:00:00.000Z,False,UTEP,Oregon State,0.5320610531772544,UTEP,0.5320610531772544,2026
401860891,4,2026-09-27T02:00:00.000Z,False,Fresno State,Rice,0.7360579927411601,Fresno State,0.7360579927411601,2026
401858240,4,2026-09-27T02:30:00.000Z,False,Stanford,Georgia Tech,0.3177664014430014,Georgia Tech,0.6822335985569986,2026
401871049,5,2026-10-02T00:00:00.000Z,False,New Mexico State,Western Kentucky,0.38471933606674363,Western Kentucky,0.6152806639332564,2026
401862786,5,2026-10-02T01:00:00.000Z,False,Tulsa,North Texas,0.3338616017497464,North Texas,0.6661383982502536,2026
401871050,5,2026-10-02T23:00:00.000Z,False,Delaware,Liberty,0.44047613278740116,Liberty,0.5595238672125988,2026
401858245,5,2026-10-02T23:00:00.000Z,False,Virginia Tech,Pittsburgh,0.36549851381312803,Pittsburgh,0.634501486186872,2026
401858476,5,2026-10-03T00:00:00.000Z,False,Northwestern,Penn State,0.3340505049825109,Penn State,0.6659494950174891,2026
401858251,5,2026-10-03T04:00:00.000Z,False,Wake Forest,Stanford,0.7298138315831746,Wake Forest,0.7298138315831746,2026
401856821,5,2026-10-03T04:00:00.000Z,False,Colorado,Texas Tech,0.18379599233963587,Texas Tech,0.8162040076603642,2026
401858250,5,2026-10-03T04:00:00.000Z,False,North Carolina,Notre Dame,0.21574531648381293,Notre Dame,0.7842546835161871,2026
401856710,5,2026-10-03T04:00:00.000Z,False,Tennessee,Auburn,0.5461309639444073,Tennessee,0.5461309639444073,2026
401869932,5,2026-10-03T04:00:00.000Z,False,Louisiana,Arkansas State,0.573623626001789,Louisiana,0.573623626001789,2026
401866432,5,2026-10-03T04:00:00.000Z,False,Buffalo,Western Michigan,0.5753715325373794,Buffalo,0.5753715325373794,2026
401864513,5,2026-10-03T04:00:00.000Z,False,Hawai'i,San José State,0.6814237902219228,Hawai'i,0.6814237902219228,2026
401856819,5,2026-10-03T04:00:00.000Z,False,Houston,UCF,0.582375537586799,Houston,0.582375537586799,2026
401856709,5,2026-10-03T04:00:00.000Z,False,South Carolina,Kentucky,0.6747108861652106,South Carolina,0.6747108861652106,2026
401858253,5,2026-10-03T04:00:00.000Z,False,Florida State,Virginia,0.6437193452757345,Florida State,0.6437193452757345,2026
401866433,5,2026-10-03T04:00:00.000Z,False,Massachusetts,Eastern Michigan,0.2957280472738265,Eastern Michigan,0.7042719527261735,2026
401862787,5,2026-10-03T04:00:00.000Z,False,Charlotte,Memphis,0.18403414353545067,Memphis,0.8159658564645493,2026
401858473,5,2026-10-03T04:00:00.000Z,False,Iowa,Ohio State,0.43691301077671857,Ohio State,0.5630869892232815,2026
401856807,5,2026-10-03T04:00:00.000Z,False,Kansas,Middle Tennessee,0.8253621152560547,Kansas,0.8253621152560547,2026
401858474,5,2026-10-03T04:00:00.000Z,False,Minnesota,Michigan,0.3847416035403252,Michigan,0.6152583964596747,2026
401856707,5,2026-10-03T04:00:00.000Z,False,Mississippi State,Alabama,0.507095842054346,Mississippi State,0.507095842054346,2026
401856817,5,2026-10-03T04:00:00.000Z,False,Arizona State,Baylor,0.5280449728755786,Arizona State,0.5280449728755786,2026
401856818,5,2026-10-03T04:00:00.000Z,False,TCU,BYU,0.48769114680886616,BYU,0.5123088531911338,2026
401862792,5,2026-10-03T04:00:00.000Z,False,South Florida,Temple,0.7476105620987444,South Florida,0.7476105620987444,2026
401856708,5,2026-10-03T04:00:00.000Z,False,Missouri,Florida,0.6504805319293732,Missouri,0.6504805319293732,2026
401858246,5,2026-10-03T04:00:00.000Z,False,SMU,Boston College,0.7437722618571289,SMU,0.7437722618571289,2026
401866431,5,2026-10-03T04:00:00.000Z,False,Ball State,Toledo,0.18406415663163878,Toledo,0.8159358433683612,2026
401866430,5,2026-10-03T04:00:00.000Z,False,Central Michigan,Akron,0.6084531185398149,Central Michigan,0.6084531185398149,2026
401869962,5,2026-10-03T04:00:00.000Z,False,James Madison,Marshall,0.6927481068083357,James Madison,0.6927481068083357,2026
401856822,5,2026-10-03T04:00:00.000Z,False,Iowa State,West Virginia,0.7289954483346905,Iowa State,0.7289954483346905,2026
401858248,5,2026-10-03T04:00:00.000Z,False,NC State,Louisville,0.45100977676085297,Louisville,0.548990223239147,2026
401858479,5,2026-10-03T04:00:00.000Z,False,Wisconsin,Michigan State,0.5488592969850304,Wisconsin,0.5488592969850304,2026
401869956,5,2026-10-03T04:00:00.000Z,False,Georgia State,Old Dominion,0.28331985947647936,Old Dominion,0.7166801405235206,2026
401856820,5,2026-10-03T04:00:00.000Z,False,Arizona,Cincinnati,0.6421453190084554,Arizona,0.6421453190084554,2026
401856711,5,2026-10-03T04:00:00.000Z,False,Texas A&M,Arkansas,0.573785111467467,Texas A&M,0.573785111467467,2026
401866477,5,2026-10-03T04:00:00.000Z,False,Miami (OH),Bowling Green,0.6663315126050031,Miami (OH),0.6663315126050031,2026
401869842,5,2026-10-03T04:00:00.000Z,False,Louisiana Tech,Army,0.4922729491905317,Army,0.5077270508094682,2026
401856705,5,2026-10-03T04:00:00.000Z,False,Georgia,Vanderbilt,0.6033467917825187,Georgia,0.6033467917825187,2026
401858478,5,2026-10-03T04:00:00.000Z,False,USC,Washington,0.5371853486866428,USC,0.5371853486866428,2026
401866434,5,2026-10-03T04:00:00.000Z,False,Kent State,Ohio,0.38961356515060097,Ohio,0.610386434849399,2026
401871089,5,2026-10-03T04:00:00.000Z,False,South Alabama,UL Monroe,0.6922196253792267,South Alabama,0.6922196253792267,2026
401858475,5,2026-10-03T04:00:00.000Z,False,Nebraska,Maryland,0.5884727736969056,Nebraska,0.5884727736969056,2026
401862788,5,2026-10-03T04:00:00.000Z,False,Rice,UTSA,0.28745948461463816,UTSA,0.7125405153853619,2026
401864514,5,2026-10-03T04:00:00.000Z,False,New Mexico,UTEP,0.6925120974100851,New Mexico,0.6925120974100851,2026
401858249,5,2026-10-03T04:00:00.000Z,False,Clemson,Miami,0.465858351327274,Miami,0.534141648672726,2026
401869942,5,2026-10-03T04:00:00.000Z,False,Coastal Carolina,Georgia Southern,0.4862005501405865,Georgia Southern,0.5137994498594135,2026
401858472,5,2026-10-03T04:00:00.000Z,False,Illinois,Purdue,0.6985627788638102,Illinois,0.6985627788638102,2026
401858252,5,2026-10-03T16:00:00.000Z,False,UConn,Syracuse,0.7120630836615308,UConn,0.7120630836615308,2026
401862791,5,2026-10-03T16:00:00.000Z,False,Air Force,Navy,0.6046621443116365,Air Force,0.6046621443116365,2026
401858247,5,2026-10-03T19:30:00.000Z,False,UNLV,California,0.6323292822150008,UNLV,0.6323292822150008,2026
401860899,5,2026-10-03T22:00:00.000Z,False,Colorado State,Oregon State,0.5715968106876643,Colorado State,0.5715968106876643,2026
401860898,5,2026-10-03T23:30:00.000Z,False,Boise State,Utah State,0.6074287386613461,Boise State,0.6074287386613461,2026
401858477,5,2026-10-04T00:00:00.000Z,False,Rutgers,Indiana,0.2351314133890367,Indiana,0.7648685866109632,2026
401860921,5,2026-10-04T01:30:00.000Z,False,Washington State,Fresno State,0.6663606951891842,Washington State,0.6663606951891842,2026
401860900,5,2026-10-04T02:30:00.000Z,False,San Diego State,Texas State,0.5833191575284343,San Diego State,0.5833191575284343,2026
401871090,6,2026-10-07T00:00:00.000Z,False,Troy,Southern Miss,0.5980993427938621,Troy,0.5980993427938621,2026
401871051,6,2026-10-07T23:00:00.000Z,False,Kennesaw State,Jacksonville State,0.563120026295219,Kennesaw State,0.563120026295219,2026
401871066,6,2026-10-07T23:30:00.000Z,False,Florida International,New Mexico State,0.5756387517018976,Florida International,0.5756387517018976,2026
401870766,6,2026-10-08T23:00:00.000Z,False,Liberty,Sam Houston,0.8092170971699707,Liberty,0.8092170971699707,2026
401871052,6,2026-10-08T23:00:00.000Z,False,Western Kentucky,Missouri State,0.725705249550628,Western Kentucky,0.725705249550628,2026
401869933,6,2026-10-08T23:30:00.000Z,False,Arkansas State,South Alabama,0.5552463231873956,Arkansas State,0.5552463231873956,2026
401862794,6,2026-10-08T23:30:00.000Z,False,UTSA,South Florida,0.4789587552932738,South Florida,0.5210412447067262,2026
401858254,6,2026-10-09T23:00:00.000Z,False,Louisville,Florida State,0.5496226913834094,Louisville,0.5496226913834094,2026
401860922,6,2026-10-10T01:00:00.000Z,False,Utah State,Washington State,0.4604852914920061,Washington State,0.5395147085079939,2026
401858487,6,2026-10-10T01:00:00.000Z,False,Washington,Iowa,0.5368219222495961,Washington,0.5368219222495961,2026
401864519,6,2026-10-10T01:00:00.000Z,False,San José State,Wyoming,0.5427897880670416,San José State,0.5427897880670416,2026
401856826,6,2026-10-10T02:15:00.000Z,False,BYU,Iowa State,0.598096952458393,BYU,0.598096952458393,2026
401862797,6,2026-10-10T04:00:00.000Z,False,East Carolina,Rice,0.8184633982206028,East Carolina,0.8184633982206028,2026
401858482,6,2026-10-10T04:00:00.000Z,False,Northwestern,Ball State,0.8975903626569872,Northwestern,0.8975903626569872,2026
401861964,6,2026-10-10T04:00:00.000Z,False,Temple,UConn,0.48580077096394203,UConn,0.514199229036058,2026
401858259,6,2026-10-10T04:00:00.000Z,False,California,Virginia Tech,0.5753438990338666,California,0.5753438990338666,2026
401866437,6,2026-10-10T04:00:00.000Z,False,Toledo,Buffalo,0.7209224868221,Toledo,0.7209224868221,2026
401856716,6,2026-10-10T04:00:00.000Z,False,Missouri,Texas A&M,0.541972459271825,Missouri,0.541972459271825,2026
401856718,6,2026-10-10T04:00:00.000Z,False,Vanderbilt,Ole Miss,0.5306941782977022,Vanderbilt,0.5306941782977022,2026
401858258,6,2026-10-10T04:00:00.000Z,False,Virginia,Syracuse,0.7714315995240688,Virginia,0.7714315995240688,2026
401869949,6,2026-10-10T04:00:00.000Z,False,Georgia Southern,James Madison,0.2945164333724496,James Madison,0.7054835666275504,2026
401858260,6,2026-10-10T04:00:00.000Z,False,NC State,Wake Forest,0.5830209557235514,NC State,0.5830209557235514,2026
401866438,6,2026-10-10T04:00:00.000Z,False,Ohio,Central Michigan,0.5921642047860771,Ohio,0.5921642047860771,2026
401856825,6,2026-10-10T04:00:00.000Z,False,Kansas State,Houston,0.6675937105123448,Kansas State,0.6675937105123448,2026
401856715,6,2026-10-10T04:00:00.000Z,False,Kentucky,LSU,0.4541686662360749,LSU,0.5458313337639251,2026
401869965,6,2026-10-10T04:00:00.000Z,False,Louisiana Tech,Louisiana,0.6657456874143381,Louisiana Tech,0.6657456874143381,2026
401856824,6,2026-10-10T04:00:00.000Z,False,Oklahoma State,UCF,0.44254905599076316,UCF,0.5574509440092368,2026
401858256,6,2026-10-10T04:00:00.000Z,False,Pittsburgh,North Carolina,0.720126688350232,Pittsburgh,0.720126688350232,2026
401866435,6,2026-10-10T04:00:00.000Z,False,Akron,Eastern Michigan,0.5465695954269936,Akron,0.5465695954269936,2026
401856823,6,2026-10-10T04:00:00.000Z,False,West Virginia,Arizona,0.36045620899242636,Arizona,0.6395437910075736,2026
401866440,6,2026-10-10T04:00:00.000Z,False,Massachusetts,Miami (OH),0.18742454619135102,Miami (OH),0.8125754538086489,2026
401866439,6,2026-10-10T04:00:00.000Z,False,Western Michigan,Kent State,0.7580437751163996,Western Michigan,0.7580437751163996,2026
401856712,6,2026-10-10T04:00:00.000Z,False,Alabama,Georgia,0.4361693636100961,Georgia,0.5638306363899039,2026
401858255,6,2026-10-10T04:00:00.000Z,False,Georgia Tech,Duke,0.5944500289173932,Georgia Tech,0.5944500289173932,2026
401869843,6,2026-10-10T04:00:00.000Z,False,App State,Old Dominion,0.3961938834484421,Old Dominion,0.6038061165515579,2026
401858484,6,2026-10-10T04:00:00.000Z,False,Oregon,UCLA,0.8696006826510974,Oregon,0.8696006826510974,2026
401862798,6,2026-10-10T04:00:00.000Z,False,Memphis,UAB,0.8320205945096774,Memphis,0.8320205945096774,2026
401858485,6,2026-10-10T04:00:00.000Z,False,Penn State,USC,0.6518198703763252,Penn State,0.6518198703763252,2026
401856827,6,2026-10-10T04:00:00.000Z,False,Utah,Kansas,0.7186003367652426,Utah,0.7186003367652426,2026
401862796,6,2026-10-10T04:00:00.000Z,False,North Texas,Charlotte,0.8888032269325369,North Texas,0.8888032269325369,2026
401856714,6,2026-10-10T04:00:00.000Z,False,Florida,South Carolina,0.5169785055353556,Florida,0.5169785055353556,2026
401858481,6,2026-10-10T04:00:00.000Z,False,Nebraska,Indiana,0.2713818076057323,Indiana,0.7286181923942677,2026
401869943,6,2026-10-10T04:00:00.000Z,False,Marshall,Coastal Carolina,0.7621747126203491,Marshall,0.7621747126203491,2026
401856808,6,2026-10-10T04:00:00.000Z,False,Arizona State,Hawai'i,0.6371216300963418,Arizona State,0.6371216300963418,2026
401858480,6,2026-10-10T04:00:00.000Z,False,Michigan State,Illinois,0.4015348790924766,Illinois,0.5984651209075234,2026
401864517,6,2026-10-10T04:00:00.000Z,False,UTEP,Nevada,0.5153578128798003,UTEP,0.5153578128798003,2026
401858483,6,2026-10-10T04:00:00.000Z,False,Ohio State,Maryland,0.8405492869062489,Ohio State,0.8405492869062489,2026
401856713,6,2026-10-10T04:00:00.000Z,False,Arkansas,Tennessee,0.5675232364318646,Arkansas,0.5675232364318646,2026
401858486,6,2026-10-10T04:00:00.000Z,False,Purdue,Minnesota,0.6136407031977278,Purdue,0.6136407031977278,2026
401862795,6,2026-10-10T16:00:00.000Z,False,Army,Tulane,0.5636195275897677,Army,0.5636195275897677,2026
401862799,6,2026-10-10T19:30:00.000Z,False,Navy,Tulsa,0.6547706386263524,Navy,0.6547706386263524,2026
401856717,6,2026-10-10T19:30:00.000Z,True,Oklahoma,Texas,0.6054737302461043,Oklahoma,0.6054737302461043,2026
401858257,6,2026-10-10T19:30:00.000Z,False,Notre Dame,Stanford,0.901487596705262,Notre Dame,0.901487596705262,2026
401860902,6,2026-10-10T22:00:00.000Z,False,Oregon State,San Diego State,0.3561521839831317,San Diego State,0.6438478160168684,2026
401864516,6,2026-10-10T23:30:00.000Z,False,Northern Illinois,Air Force,0.3409652292696696,Air Force,0.6590347707303303,2026
401860901,6,2026-10-11T02:30:00.000Z,False,Fresno State,Boise State,0.519734557611611,Fresno State,0.519734557611611,2026
401871067,7,2026-10-13T23:00:00.000Z,False,Middle Tennessee,Delaware,0.5873379986778599,Middle Tennessee,0.5873379986778599,2026
401871053,7,2026-10-14T00:00:00.000Z,False,Jacksonville State,Florida International,0.5922931864606756,Jacksonville State,0.5922931864606756,2026
401871054,7,2026-10-14T23:30:00.000Z,False,Missouri State,Kennesaw State,0.5343849262625859,Missouri State,0.5343849262625859,2026
401871068,7,2026-10-15T00:00:00.000Z,False,Sam Houston,Western Kentucky,0.24366502652576263,Western Kentucky,0.7563349734742374,2026
401869950,7,2026-10-15T23:30:00.000Z,False,Old Dominion,Georgia Southern,0.7399091895200921,Old Dominion,0.7399091895200921,2026
401862800,7,2026-10-15T23:30:00.000Z,False,UAB,East Carolina,0.2736810497496894,East Carolina,0.7263189502503107,2026
401860923,7,2026-10-16T00:00:00.000Z,False,Texas State,Colorado State,0.73423151206503,Texas State,0.73423151206503,2026
401862801,7,2026-10-16T23:30:00.000Z,False,Tulane,Memphis,0.469112226072345,Memphis,0.530887773927655,2026
401869844,7,2026-10-17T00:00:00.000Z,False,Coastal Carolina,App State,0.46134722033473335,App State,0.5386527796652667,2026
401858493,7,2026-10-17T00:00:00.000Z,False,Purdue,Washington,0.32620296975949936,Washington,0.6737970302405006,2026
401856832,7,2026-10-17T04:00:00.000Z,False,Baylor,TCU,0.5495112140706465,Baylor,0.5495112140706465,2026
401858267,7,2026-10-17T04:00:00.000Z,False,Boston College,Pittsburgh,0.43081732235274467,Pittsburgh,0.5691826776472553,2026
401856721,7,2026-10-17T04:00:00.000Z,False,Ole Miss,Missouri,0.6442985416856548,Ole Miss,0.6442985416856548,2026
401856829,7,2026-10-17T04:00:00.000Z,False,West Virginia,Cincinnati,0.4375979652505062,Cincinnati,0.5624020347494938,2026
401858488,7,2026-10-17T04:00:00.000Z,False,Indiana,Ohio State,0.5516641112414319,Indiana,0.5516641112414319,2026
401856809,7,2026-10-17T04:00:00.000Z,False,BYU,Notre Dame,0.3932874928663074,Notre Dame,0.6067125071336926,2026
401858269,7,2026-10-17T04:00:00.000Z,False,California,Wake Forest,0.4601082676302567,Wake Forest,0.5398917323697433,2026
401858490,7,2026-10-17T04:00:00.000Z,False,Michigan,Penn State,0.39036746537087813,Penn State,0.6096325346291218,2026
401858494,7,2026-10-17T04:00:00.000Z,False,UCLA,Wisconsin,0.514783539152717,UCLA,0.514783539152717,2026
401858492,7,2026-10-17T04:00:00.000Z,False,Oregon,Nebraska,0.7741005219247914,Oregon,0.7741005219247914,2026
401858491,7,2026-10-17T04:00:00.000Z,False,Michigan State,Northwestern,0.4730402974568591,Northwestern,0.526959702543141,2026
401869966,7,2026-10-17T04:00:00.000Z,False,Louisiana,Troy,0.5100252587544137,Louisiana,0.5100252587544137,2026
401856831,7,2026-10-17T04:00:00.000Z,False,Houston,Oklahoma State,0.6954185704012967,Houston,0.6954185704012967,2026
401858268,7,2026-10-17T04:00:00.000Z,False,SMU,Virginia,0.6478509512513939,SMU,0.6478509512513939,2026
401858266,7,2026-10-17T04:00:00.000Z,False,Duke,North Carolina,0.6834195030512797,Duke,0.6834195030512797,2026
401858489,7,2026-10-17T04:00:00.000Z,False,Maryland,Rutgers,0.5887304554312373,Maryland,0.5887304554312373,2026
401862804,7,2026-10-17T04:00:00.000Z,False,UTSA,Navy,0.6454594375304448,UTSA,0.6454594375304448,2026
401864521,7,2026-10-17T04:00:00.000Z,False,Hawai'i,New Mexico,0.5797115061960825,Hawai'i,0.5797115061960825,2026
401869957,7,2026-10-17T04:00:00.000Z,False,James Madison,Georgia State,0.8587543967290787,James Madison,0.8587543967290787,2026
401856830,7,2026-10-17T04:00:00.000Z,False,Kansas State,Kansas,0.5871407635281696,Kansas State,0.5871407635281696,2026
401856719,7,2026-10-17T04:00:00.000Z,False,Georgia,Auburn,0.6190494456230566,Georgia,0.6190494456230566,2026
401858263,7,2026-10-17T04:00:00.000Z,False,Miami,Florida State,0.655438597400598,Miami,0.655438597400598,2026
401856726,7,2026-10-17T04:00:00.000Z,False,Vanderbilt,Arkansas,0.5977119868876365,Vanderbilt,0.5977119868876365,2026
401866443,7,2026-10-17T04:00:00.000Z,False,Central Michigan,Western Michigan,0.4957277921895823,Western Michigan,0.5042722078104177,2026
401858264,7,2026-10-17T04:00:00.000Z,False,Virginia Tech,Georgia Tech,0.3784360233622324,Georgia Tech,0.6215639766377676,2026
401858265,7,2026-10-17T04:00:00.000Z,False,Syracuse,Louisville,0.2772336506412979,Louisville,0.7227663493587021,2026
401856724,7,2026-10-17T04:00:00.000Z,False,Texas,Florida,0.6224192954069433,Texas,0.6224192954069433,2026
401862805,7,2026-10-17T04:00:00.000Z,False,Rice,Tulsa,0.45190466155987313,Tulsa,0.5480953384401268,2026
401866444,7,2026-10-17T04:00:00.000Z,False,Eastern Michigan,Toledo,0.2997078143508679,Toledo,0.7002921856491321,2026
401856828,7,2026-10-17T04:00:00.000Z,False,Texas Tech,Arizona State,0.844351758748564,Texas Tech,0.844351758748564,2026
401866478,7,2026-10-17T04:00:00.000Z,False,Miami (OH),Akron,0.7184380616749123,Miami (OH),0.7184380616749123,2026
401866441,7,2026-10-17T04:00:00.000Z,False,Bowling Green,Ball State,0.7450282298238239,Bowling Green,0.7450282298238239,2026
401862806,7,2026-10-17T04:00:00.000Z,False,South Florida,Kent State,0.8995402288865475,South Florida,0.8995402288865475,2026
401856722,7,2026-10-17T04:00:00.000Z,False,Oklahoma,Kentucky,0.7188990312234574,Oklahoma,0.7188990312234574,2026
401869934,7,2026-10-17T04:00:00.000Z,False,Southern Miss,Arkansas State,0.5947004583525334,Southern Miss,0.5947004583525334,2026
401871091,7,2026-10-17T04:00:00.000Z,False,UL Monroe,Louisiana Tech,0.3302691934301301,Louisiana Tech,0.6697308065698699,2026
401866442,7,2026-10-17T04:00:00.000Z,False,Buffalo,Massachusetts,0.8601154754536977,Buffalo,0.8601154754536977,2026
401856720,7,2026-10-17T04:00:00.000Z,False,LSU,Mississippi State,0.617577748763825,LSU,0.617577748763825,2026
401862803,7,2026-10-17T04:00:00.000Z,False,Temple,Charlotte,0.7962639763067231,Temple,0.7962639763067231,2026
401864523,7,2026-10-17T04:00:00.000Z,False,UTEP,San José State,0.5377486062757847,UTEP,0.5377486062757847,2026
401856833,7,2026-10-17T04:00:00.000Z,False,Colorado,Utah,0.25039217568460964,Utah,0.7496078243153903,2026
401856723,7,2026-10-17T04:00:00.000Z,False,Tennessee,Alabama,0.6179123593293985,Tennessee,0.6179123593293985,2026
401862802,7,2026-10-17T16:00:00.000Z,False,Army,Florida Atlantic,0.6584704407933214,Army,0.6584704407933214,2026
401864524,7,2026-10-17T19:30:00.000Z,False,Air Force,UNLV,0.5848937183677453,Air Force,0.5848937183677453,2026
401864522,7,2026-10-17T19:30:00.000Z,False,Wyoming,Northern Illinois,0.6309483560287301,Wyoming,0.6309483560287301,2026
401860903,7,2026-10-17T22:00:00.000Z,False,Oregon State,Washington State,0.34302243638460794,Washington State,0.6569775636153921,2026
401860904,7,2026-10-18T02:30:00.000Z,False,San Diego State,Fresno State,0.6534006243306365,San Diego State,0.6534006243306365,2026
401871055,8,2026-10-20T23:00:00.000Z,False,Florida International,Middle Tennessee,0.5488452355699361,Florida International,0.5488452355699361,2026
401871069,8,2026-10-20T23:00:00.000Z,False,Delaware,Missouri State,0.5644626756760852,Delaware,0.5644626756760852,2026
401871092,8,2026-10-20T23:30:00.000Z,False,Marshall,South Alabama,0.6823912145862594,Marshall,0.6823912145862594,2026
401871070,8,2026-10-22T00:00:00.000Z,False,Sam Houston,New Mexico State,0.40109466307989405,New Mexico State,0.598905336920106,2026
401871056,8,2026-10-22T23:00:00.000Z,False,Kennesaw State,Liberty,0.4720685934910331,Liberty,0.5279314065089669,2026
401869845,8,2026-10-22T23:00:00.000Z,False,App State,James Madison,0.31564896372785256,James Madison,0.6843510362721474,2026
401862807,8,2026-10-22T23:30:00.000Z,False,Memphis,East Carolina,0.5894689680636411,Memphis,0.5894689680636411,2026
401861965,8,2026-10-23T22:00:00.000Z,False,UConn,Massachusetts,0.9105322864294579,UConn,0.9105322864294579,2026
401858271,8,2026-10-23T23:00:00.000Z,False,Virginia,Duke,0.5873699906241001,Virginia,0.5873699906241001,2026
401862808,8,2026-10-24T00:30:00.000Z,False,Tulsa,Army,0.44186316254339075,Army,0.5581368374566092,2026
401864525,8,2026-10-24T01:00:00.000Z,False,Wyoming,Air Force,0.404938935205875,Air Force,0.595061064794125,2026
401858272,8,2026-10-24T02:30:00.000Z,False,Stanford,NC State,0.3676742687804196,NC State,0.6323257312195805,2026
401858495,8,2026-10-24T04:00:00.000Z,False,Illinois,Oregon,0.3911511024029768,Oregon,0.6088488975970232,2026
401856840,8,2026-10-24T04:00:00.000Z,False,Cincinnati,Texas Tech,0.2706906371904887,Texas Tech,0.7293093628095113,2026
401864526,8,2026-10-24T04:00:00.000Z,False,Northern Illinois,Hawai'i,0.3966815313489957,Hawai'i,0.6033184686510042,2026
401862811,8,2026-10-24T04:00:00.000Z,False,Tulane,UTSA,0.5124025338958768,Tulane,0.5124025338958768,2026
401862809,8,2026-10-24T04:00:00.000Z,False,Florida Atlantic,Rice,0.69401851983903,Florida Atlantic,0.69401851983903,2026
401856838,8,2026-10-24T04:00:00.000Z,False,Arizona,Iowa State,0.5915824244394171,Arizona,0.5915824244394171,2026
401864528,8,2026-10-24T04:00:00.000Z,False,Nevada,San José State,0.5871148753623096,Nevada,0.5871148753623096,2026
401858270,8,2026-10-24T04:00:00.000Z,False,SMU,California,0.7853733966190111,SMU,0.7853733966190111,2026
401866450,8,2026-10-24T04:00:00.000Z,False,Toledo,Western Michigan,0.7292111670890546,Toledo,0.7292111670890546,2026
401858273,8,2026-10-24T04:00:00.000Z,False,Georgia Tech,Boston College,0.6786490808867663,Georgia Tech,0.6786490808867663,2026
401856841,8,2026-10-24T04:00:00.000Z,False,TCU,West Virginia,0.6928313632728829,TCU,0.6928313632728829,2026
401866449,8,2026-10-24T04:00:00.000Z,False,Ohio,Eastern Michigan,0.6168300770418549,Ohio,0.6168300770418549,2026
401856834,8,2026-10-24T04:00:00.000Z,False,Kansas,Baylor,0.6157204579457608,Kansas,0.6157204579457608,2026
401856837,8,2026-10-24T04:00:00.000Z,False,Utah,Houston,0.7829078855822614,Utah,0.7829078855822614,2026
401858275,8,2026-10-24T04:00:00.000Z,False,North Carolina,Syracuse,0.6498127731310217,North Carolina,0.6498127731310217,2026
401869967,8,2026-10-24T04:00:00.000Z,False,Southern Miss,Louisiana,0.5863750156991822,Southern Miss,0.5863750156991822,2026
401856835,8,2026-10-24T04:00:00.000Z,False,UCF,BYU,0.4209090596060548,BYU,0.5790909403939453,2026
401856732,8,2026-10-24T04:00:00.000Z,False,Texas,Ole Miss,0.45240600476613235,Ole Miss,0.5475939952338676,2026
401869935,8,2026-10-24T04:00:00.000Z,False,Arkansas State,Georgia State,0.6706910169717233,Arkansas State,0.6706910169717233,2026
401858274,8,2026-10-24T04:00:00.000Z,False,Miami,Pittsburgh,0.7084116745605156,Miami,0.7084116745605156,2026
401856730,8,2026-10-24T04:00:00.000Z,False,Mississippi State,Oklahoma,0.4537407494534419,Oklahoma,0.5462592505465581,2026
401856729,8,2026-10-24T04:00:00.000Z,False,Kentucky,Vanderbilt,0.3630044530524818,Vanderbilt,0.6369955469475181,2026
401858276,8,2026-10-24T04:00:00.000Z,False,Clemson,Virginia Tech,0.7862521337641293,Clemson,0.7862521337641293,2026
401856727,8,2026-10-24T04:00:00.000Z,False,Alabama,Texas A&M,0.4997791285516745,Texas A&M,0.5002208714483255,2026
401866446,8,2026-10-24T04:00:00.000Z,False,Kent State,Akron,0.46017412361350396,Akron,0.539825876386496,2026
401856836,8,2026-10-24T04:00:00.000Z,False,Oklahoma State,Colorado,0.5092815766124468,Oklahoma State,0.5092815766124468,2026
401871093,8,2026-10-24T04:00:00.000Z,False,Louisiana Tech,Old Dominion,0.4955644769290862,Old Dominion,0.5044355230709139,2026
401871094,8,2026-10-24T04:00:00.000Z,False,Troy,UL Monroe,0.7362820860696304,Troy,0.7362820860696304,2026
401866476,8,2026-10-24T04:00:00.000Z,False,Central Michigan,Miami (OH),0.4418411796772387,Miami (OH),0.5581588203227613,2026
401858500,8,2026-10-24T04:00:00.000Z,False,Wisconsin,USC,0.3183397508564744,USC,0.6816602491435255,2026
401866448,8,2026-10-24T04:00:00.000Z,False,Buffalo,Bowling Green,0.626356499451784,Buffalo,0.626356499451784,2026
401858496,8,2026-10-24T04:00:00.000Z,False,Michigan,Indiana,0.3165000828096731,Indiana,0.6834999171903269,2026
401856839,8,2026-10-24T04:00:00.000Z,False,Arizona State,Kansas State,0.4534243801965537,Kansas State,0.5465756198034464,2026
401858497,8,2026-10-24T04:00:00.000Z,False,Minnesota,Iowa,0.2610542769076365,Iowa,0.7389457230923635,2026
401858499,8,2026-10-24T04:00:00.000Z,False,UCLA,Michigan State,0.49824872242946755,Michigan State,0.5017512775705324,2026
401858498,8,2026-10-24T04:00:00.000Z,False,Northwestern,Rutgers,0.605329582738255,Northwestern,0.605329582738255,2026
401856731,8,2026-10-24T04:00:00.000Z,False,South Carolina,Tennessee,0.5120621641859955,South Carolina,0.5120621641859955,2026
401856728,8,2026-10-24T16:00:00.000Z,False,Auburn,LSU,0.639833090793257,Auburn,0.639833090793257,2026
401862810,8,2026-10-24T19:30:00.000Z,False,Navy,North Texas,0.4224035499095785,North Texas,0.5775964500904215,2026
401860907,8,2026-10-24T22:00:00.000Z,False,Washington State,Boise State,0.6244619260150828,Washington State,0.6244619260150828,2026
401860906,8,2026-10-24T23:30:00.000Z,False,Texas State,Utah State,0.6343405749209103,Texas State,0.6343405749209103,2026
401860905,8,2026-10-25T01:30:00.000Z,False,Colorado State,San Diego State,0.3621708105488045,San Diego State,0.6378291894511955,2026
401871071,9,2026-10-27T23:00:00.000Z,False,Western Kentucky,Delaware,0.7262872303127007,Western Kentucky,0.7262872303127007,2026
401871072,9,2026-10-28T00:00:00.000Z,False,Missouri State,Sam Houston,0.7203921031698446,Missouri State,0.7203921031698446,2026
401871058,9,2026-10-28T23:00:00.000Z,False,Middle Tennessee,Kennesaw State,0.5561579897813705,Middle Tennessee,0.5561579897813705,2026
401871057,9,2026-10-29T00:00:00.000Z,False,New Mexico State,Jacksonville State,0.5270509388306308,New Mexico State,0.5270509388306308,2026
401869963,9,2026-10-29T23:30:00.000Z,False,James Madison,Troy,0.7501374370125928,James Madison,0.7501374370125928,2026
401862812,9,2026-10-29T23:30:00.000Z,False,North Texas,Florida Atlantic,0.7528094042342722,North Texas,0.7528094042342722,2026
401862813,9,2026-10-30T23:00:00.000Z,False,Charlotte,Tulane,0.24911774457420147,Tulane,0.7508822554257986,2026
401856844,9,2026-10-30T23:30:00.000Z,False,UCF,Baylor,0.5139827043124265,UCF,0.5139827043124265,2026
401858501,9,2026-10-31T04:00:00.000Z,False,Indiana,Minnesota,0.8835032477366528,Indiana,0.8835032477366528,2026
401858277,9,2026-10-31T04:00:00.000Z,False,NC State,California,0.6807701480459165,NC State,0.6807701480459165,2026
401858509,9,2026-10-31T04:00:00.000Z,False,USC,Ohio State,0.38188207113140943,Ohio State,0.6181179288685905,2026
401869846,9,2026-10-31T04:00:00.000Z,False,Georgia Southern,App State,0.5405385673095479,Georgia Southern,0.5405385673095479,2026
401856848,9,2026-10-31T04:00:00.000Z,False,Cincinnati,Utah,0.3550749421400373,Utah,0.6449250578599627,2026
401858283,9,2026-10-31T04:00:00.000Z,False,Louisville,Stanford,0.8213406496097784,Louisville,0.8213406496097784,2026
401864529,9,2026-10-31T04:00:00.000Z,False,San José State,New Mexico,0.4559856962566658,New Mexico,0.5440143037433343,2026
401862814,9,2026-10-31T04:00:00.000Z,False,Memphis,Army,0.6580242271177673,Memphis,0.6580242271177673,2026
401862816,9,2026-10-31T04:00:00.000Z,False,South Florida,UAB,0.8548453650777732,South Florida,0.8548453650777732,2026
401856847,9,2026-10-31T04:00:00.000Z,False,Iowa State,Oklahoma State,0.7687384496031227,Iowa State,0.7687384496031227,2026
401858282,9,2026-10-31T04:00:00.000Z,False,North Carolina,Miami,0.2599719444407565,Miami,0.7400280555592436,2026
401862815,9,2026-10-31T04:00:00.000Z,False,East Carolina,Temple,0.6928021772090356,East Carolina,0.6928021772090356,2026
401858506,9,2026-10-31T04:00:00.000Z,False,Penn State,Purdue,0.8177942090299013,Penn State,0.8177942090299013,2026
401858278,9,2026-10-31T04:00:00.000Z,False,Syracuse,SMU,0.26127340852417114,SMU,0.7387265914758289,2026
401869944,9,2026-10-31T04:00:00.000Z,False,Georgia State,Coastal Carolina,0.543056921330962,Georgia State,0.543056921330962,2026
401856845,9,2026-10-31T04:00:00.000Z,False,TCU,Kansas,0.5291019103419461,TCU,0.5291019103419461,2026
401858279,9,2026-10-31T04:00:00.000Z,False,Duke,Boston College,0.6518990673769779,Duke,0.6518990673769779,2026
401871096,9,2026-10-31T04:00:00.000Z,False,Old Dominion,Marshall,0.6131346137778423,Old Dominion,0.6131346137778423,2026
401856843,9,2026-10-31T04:00:00.000Z,False,BYU,Arizona State,0.6872145706761087,BYU,0.6872145706761087,2026
401858281,9,2026-10-31T04:00:00.000Z,False,Pittsburgh,Georgia Tech,0.5787404587699647,Pittsburgh,0.5787404587699647,2026
401856842,9,2026-10-31T04:00:00.000Z,False,Texas Tech,Arizona,0.7672935931134383,Texas Tech,0.7672935931134383,2026
401856735,9,2026-10-31T04:00:00.000Z,False,Ole Miss,Auburn,0.6148139563240771,Ole Miss,0.6148139563240771,2026
401856846,9,2026-10-31T04:00:00.000Z,False,Colorado,Kansas State,0.3749239137569622,Kansas State,0.6250760862430378,2026
401871097,9,2026-10-31T04:00:00.000Z,False,South Alabama,Louisiana Tech,0.46041542662074364,Louisiana Tech,0.5395845733792564,2026
401856737,9,2026-10-31T04:00:00.000Z,False,Texas,Mississippi State,0.6327192798854153,Texas,0.6327192798854153,2026
401858505,9,2026-10-31T04:00:00.000Z,False,Oregon,Northwestern,0.7786894333226209,Oregon,0.7786894333226209,2026
401871095,9,2026-10-31T04:00:00.000Z,False,UL Monroe,Southern Miss,0.40927531843569437,Southern Miss,0.5907246815643057,2026
401856733,9,2026-10-31T04:00:00.000Z,False,Arkansas,Missouri,0.5795827988407107,Arkansas,0.5795827988407107,2026
401856736,9,2026-10-31T04:00:00.000Z,False,Oklahoma,South Carolina,0.6157757442711568,Oklahoma,0.6157757442711568,2026
401858507,9,2026-10-31T04:00:00.000Z,False,Rutgers,Michigan,0.4632073605899838,Michigan,0.5367926394100162,2026
401858502,9,2026-10-31T04:00:00.000Z,False,Iowa,Wisconsin,0.8196116092540555,Iowa,0.8196116092540555,2026
401858508,9,2026-10-31T04:00:00.000Z,False,UCLA,Nevada,0.6517948246498313,UCLA,0.6517948246498313,2026
401858504,9,2026-10-31T04:00:00.000Z,False,Nebraska,Washington,0.3984657550275206,Washington,0.6015342449724794,2026
401858280,9,2026-10-31T04:00:00.000Z,False,Florida State,Clemson,0.5696455814254013,Florida State,0.5696455814254013,2026
401858284,9,2026-10-31T04:00:00.000Z,False,Wake Forest,Virginia,0.4991730567452663,Virginia,0.5008269432547336,2026
401858503,9,2026-10-31T04:00:00.000Z,False,Maryland,Illinois,0.47554119189341026,Illinois,0.5244588081065897,2026
401860924,9,2026-10-31T04:00:00.000Z,False,Fresno State,Oregon State,0.6780318291599958,Fresno State,0.6780318291599958,2026
401866452,9,2026-10-31T16:00:00.000Z,False,Western Michigan,Bowling Green,0.6165749119038648,Western Michigan,0.6165749119038648,2026
401859185,9,2026-10-31T16:00:00.000Z,True,Notre Dame,Navy,0.8463897724394474,Notre Dame,0.8463897724394474,2026
401861966,9,2026-10-31T19:00:00.000Z,False,Air Force,UConn,0.5612490406111178,Air Force,0.5612490406111178,2026
401871059,9,2026-10-31T19:30:00.000Z,False,Liberty,Florida International,0.6768055380116393,Liberty,0.6768055380116393,2026
401856734,9,2026-10-31T19:30:00.000Z,True,Georgia,Florida,0.7253039178418109,Georgia,0.7253039178418109,2026
401860910,9,2026-10-31T19:30:00.000Z,False,Utah State,Colorado State,0.6742640167001678,Utah State,0.6742640167001678,2026
401860909,9,2026-10-31T23:00:00.000Z,False,San Diego State,Washington State,0.5509400587645971,San Diego State,0.5509400587645971,2026
401860908,9,2026-11-01T02:00:00.000Z,False,Boise State,Texas State,0.5368959474615645,Boise State,0.5368959474615645,2026
401864530,9,2026-11-01T02:30:00.000Z,False,UNLV,Northern Illinois,0.7507765860085218,UNLV,0.7507765860085218,2026
401866453,10,2026-11-04T00:00:00.000Z,False,Akron,Ohio,0.4932314651313782,Ohio,0.5067685348686217,2026
401866454,10,2026-11-04T00:00:00.000Z,False,Miami (OH),Buffalo,0.6076014654314876,Miami (OH),0.6076014654314876,2026
401866455,10,2026-11-04T05:00:00.000Z,False,Massachusetts,Ball State,0.44340295980546096,Ball State,0.556597040194539,2026
401866456,10,2026-11-04T05:00:00.000Z,True,Eastern Michigan,Central Michigan,0.5396723538404901,Eastern Michigan,0.5396723538404901,2026
401869964,10,2026-11-06T01:00:00.000Z,False,Southern Miss,James Madison,0.3295459889616121,James Madison,0.6704540110383879,2026
401862817,10,2026-11-06T01:00:00.000Z,False,Florida Atlantic,UTSA,0.41313990504999837,UTSA,0.5868600949500016,2026
401858288,10,2026-11-07T00:00:00.000Z,False,SMU,Virginia Tech,0.792280745375217,SMU,0.792280745375217,2026
401862818,10,2026-11-07T00:30:00.000Z,False,East Carolina,South Florida,0.4973907862174675,South Florida,0.5026092137825324,2026
401858510,10,2026-11-07T01:00:00.000Z,False,Illinois,Nebraska,0.6287635442152106,Illinois,0.6287635442152106,2026
401864533,10,2026-11-07T02:00:00.000Z,False,Nevada,New Mexico,0.4783429615409101,New Mexico,0.52165703845909,2026
401856855,10,2026-11-07T03:15:00.000Z,False,Arizona,TCU,0.6333587246619539,Arizona,0.6333587246619539,2026
401862819,10,2026-11-07T05:00:00.000Z,False,UAB,Charlotte,0.6628215658837154,UAB,0.6628215658837154,2026
401869968,10,2026-11-07T05:00:00.000Z,False,Louisiana,South Alabama,0.5637321595919148,Louisiana,0.5637321595919148,2026
401869936,10,2026-11-07T05:00:00.000Z,False,Arkansas State,UL Monroe,0.6835617089710881,Arkansas State,0.6835617089710881,2026
401871073,10,2026-11-07T05:00:00.000Z,False,Kennesaw State,Delaware,0.5961881478590841,Kennesaw State,0.5961881478590841,2026
401871074,10,2026-11-07T05:00:00.000Z,False,Florida International,Missouri State,0.5704855995732946,Florida International,0.5704855995732946,2026
401869945,10,2026-11-07T05:00:00.000Z,False,Coastal Carolina,Old Dominion,0.30185310152628486,Old Dominion,0.6981468984737151,2026
401869951,10,2026-11-07T05:00:00.000Z,False,Georgia Southern,Marshall,0.4200009434726336,Marshall,0.5799990565273664,2026
401871076,10,2026-11-07T05:00:00.000Z,False,Middle Tennessee,Western Kentucky,0.4107961014536967,Western Kentucky,0.5892038985463033,2026
401856849,10,2026-11-07T05:00:00.000Z,False,Utah,BYU,0.6838981806312393,Utah,0.6838981806312393,2026
401856854,10,2026-11-07T05:00:00.000Z,False,Kansas State,Oklahoma State,0.7791427744337206,Kansas State,0.7791427744337206,2026
401856851,10,2026-11-07T05:00:00.000Z,False,Houston,Cincinnati,0.5251712308640866,Houston,0.5251712308640866,2026
401856850,10,2026-11-07T05:00:00.000Z,False,Kansas,UCF,0.6632244481118559,Kansas,0.6632244481118559,2026
401862822,10,2026-11-07T05:00:00.000Z,False,Tulane,Tulsa,0.6823076395575217,Tulane,0.6823076395575217,2026
401862821,10,2026-11-07T05:00:00.000Z,False,North Texas,Rice,0.8416300882211979,North Texas,0.8416300882211979,2026
401870795,10,2026-11-07T05:00:00.000Z,False,New Mexico State,Liberty,0.4360111048267408,Liberty,0.5639888951732592,2026
401871098,10,2026-11-07T05:00:00.000Z,False,Troy,Louisiana Tech,0.5143825599022441,Troy,0.5143825599022441,2026
401858289,10,2026-11-07T05:00:00.000Z,False,Boston College,Florida State,0.37211189141807827,Florida State,0.6278881085819217,2026
401858287,10,2026-11-07T05:00:00.000Z,False,Georgia Tech,Louisville,0.5063138456747435,Georgia Tech,0.5063138456747435,2026
401858286,10,2026-11-07T05:00:00.000Z,False,NC State,Duke,0.5400500687459838,NC State,0.5400500687459838,2026
401856856,10,2026-11-07T05:00:00.000Z,False,Texas Tech,West Virginia,0.8837771953031621,Texas Tech,0.8837771953031621,2026
401858285,10,2026-11-07T05:00:00.000Z,False,Syracuse,Clemson,0.2683299066085171,Clemson,0.7316700933914829,2026
401856852,10,2026-11-07T05:00:00.000Z,False,Arizona State,Colorado,0.642567536544729,Arizona State,0.642567536544729,2026
401858512,10,2026-11-07T05:00:00.000Z,False,Minnesota,UCLA,0.6020635779183856,Minnesota,0.6020635779183856,2026
401858515,10,2026-11-07T05:00:00.000Z,False,Purdue,Maryland,0.5110252769454962,Purdue,0.5110252769454962,2026
401864534,10,2026-11-07T05:00:00.000Z,False,San José State,Northern Illinois,0.6096037450084906,San José State,0.6096037450084906,2026
401858511,10,2026-11-07T05:00:00.000Z,False,Michigan,Michigan State,0.706103891647948,Michigan,0.706103891647948,2026
401858517,10,2026-11-07T05:00:00.000Z,False,Wisconsin,Rutgers,0.4978506692345869,Rutgers,0.5021493307654131,2026
401858516,10,2026-11-07T05:00:00.000Z,False,Washington,Penn State,0.5026483062887652,Washington,0.5026483062887652,2026
401858513,10,2026-11-07T05:00:00.000Z,False,Northwestern,Iowa,0.3651779073784064,Iowa,0.6348220926215936,2026
401858514,10,2026-11-07T05:00:00.000Z,False,Ohio State,Oregon,0.645082395033935,Ohio State,0.645082395033935,2026
401864532,10,2026-11-07T05:00:00.000Z,False,UTEP,Hawai'i,0.4141535273327949,Hawai'i,0.585846472667205,2026
401856853,10,2026-11-07T05:00:00.000Z,False,Baylor,Iowa State,0.5056382234753238,Baylor,0.5056382234753238,2026
401856738,10,2026-11-07T05:00:00.000Z,False,Auburn,Arkansas,0.5817240813410839,Auburn,0.5817240813410839,2026
401856741,10,2026-11-07T05:00:00.000Z,False,Ole Miss,Georgia,0.560772325661504,Ole Miss,0.560772325661504,2026
401856745,10,2026-11-07T05:00:00.000Z,False,Tennessee,Kentucky,0.7198124071293535,Tennessee,0.7198124071293535,2026
401856739,10,2026-11-07T05:00:00.000Z,False,Florida,Oklahoma,0.4646846681387823,Oklahoma,0.5353153318612177,2026
401856742,10,2026-11-07T05:00:00.000Z,False,Mississippi State,Vanderbilt,0.41742646498433156,Vanderbilt,0.5825735350156684,2026
401856744,10,2026-11-07T05:00:00.000Z,False,South Carolina,Texas A&M,0.5009080967023037,South Carolina,0.5009080967023037,2026
401856743,10,2026-11-07T05:00:00.000Z,False,Missouri,Texas,0.5947270693457513,Missouri,0.5947270693457513,2026
401856740,10,2026-11-07T05:00:00.000Z,False,LSU,Alabama,0.561055165382723,LSU,0.561055165382723,2026
401869927,10,2026-11-07T05:00:00.000Z,False,App State,Georgia State,0.6832878842840437,App State,0.6832878842840437,2026
401858292,10,2026-11-07T17:00:00.000Z,False,UConn,North Carolina,0.6340029055024324,UConn,0.6340029055024324,2026
401862820,10,2026-11-07T20:30:00.000Z,False,Navy,Temple,0.599301274383524,Navy,0.599301274383524,2026
401860911,10,2026-11-07T23:00:00.000Z,False,Colorado State,Boise State,0.4067557795678755,Boise State,0.5932442204321244,2026
401871075,10,2026-11-08T00:00:00.000Z,False,Jacksonville State,Sam Houston,0.7463529210351415,Jacksonville State,0.7463529210351415,2026
401858291,10,2026-11-08T00:30:00.000Z,False,Notre Dame,Miami,0.6240419915531944,Notre Dame,0.6240419915531944,2026
401862823,10,2026-11-08T00:30:00.000Z,False,Army,Air Force,0.5541558038878001,Army,0.5541558038878001,2026
401860913,10,2026-11-08T02:30:00.000Z,False,Utah State,Fresno State,0.5673781783420693,Utah State,0.5673781783420693,2026
401860912,10,2026-11-08T03:30:00.000Z,False,Oregon State,Texas State,0.37334113706614985,Texas State,0.6266588629338501,2026
401864535,10,2026-11-08T03:30:00.000Z,False,UNLV,Wyoming,0.6960779380350481,UNLV,0.6960779380350481,2026
401866458,11,2026-11-10T05:00:00.000Z,False,Akron,Western Michigan,0.45123439571828583,Western Michigan,0.5487656042817142,2026
401866459,11,2026-11-10T05:00:00.000Z,False,Bowling Green,Kent State,0.7169064878473037,Bowling Green,0.7169064878473037,2026
401866460,11,2026-11-10T05:00:00.000Z,False,Miami (OH),Ohio,0.6564315063571605,Miami (OH),0.6564315063571605,2026
401866463,11,2026-11-11T05:00:00.000Z,False,Toledo,Massachusetts,0.9243569028870805,Toledo,0.9243569028870805,2026
401866461,11,2026-11-11T05:00:00.000Z,False,Ball State,Buffalo,0.3095489838004413,Buffalo,0.6904510161995587,2026
401862824,11,2026-11-13T01:00:00.000Z,False,South Florida,Memphis,0.607144401908132,South Florida,0.607144401908132,2026
401869969,11,2026-11-13T02:00:00.000Z,False,UL Monroe,Louisiana,0.43040926802799523,Louisiana,0.5695907319720048,2026
401858293,11,2026-11-14T00:00:00.000Z,False,Pittsburgh,Florida State,0.504392206076579,Pittsburgh,0.504392206076579,2026
401858526,11,2026-11-14T02:00:00.000Z,False,UCLA,Illinois,0.33887796937556586,Illinois,0.6611220306244341,2026
401856860,11,2026-11-14T03:15:00.000Z,False,Colorado,Houston,0.48099718989633805,Houston,0.5190028101036619,2026
401856888,11,2026-11-14T05:00:00.000Z,False,Texas A&M,Tennessee,0.5761149785759587,Texas A&M,0.5761149785759587,2026
401856887,11,2026-11-14T05:00:00.000Z,False,Oklahoma,Ole Miss,0.4937883080247932,Ole Miss,0.5062116919752069,2026
401862826,11,2026-11-14T05:00:00.000Z,False,Tulsa,Florida Atlantic,0.5400793506043761,Tulsa,0.5400793506043761,2026
401864540,11,2026-11-14T05:00:00.000Z,False,UTEP,Wyoming,0.5151557940838969,UTEP,0.5151557940838969,2026
401869937,11,2026-11-14T05:00:00.000Z,False,Coastal Carolina,Arkansas State,0.47569186813351777,Arkansas State,0.5243081318664822,2026
401862827,11,2026-11-14T05:00:00.000Z,False,UTSA,North Texas,0.5060011914809289,UTSA,0.5060011914809289,2026
401864536,11,2026-11-14T05:00:00.000Z,False,Northern Illinois,Nevada,0.49724007147049815,Nevada,0.5027599285295019,2026
401870752,11,2026-11-14T05:00:00.000Z,False,Western Kentucky,Jacksonville State,0.6984848769872237,Western Kentucky,0.6984848769872237,2026
401870796,11,2026-11-14T05:00:00.000Z,False,Missouri State,New Mexico State,0.5703506485170133,Missouri State,0.5703506485170133,2026
401871099,11,2026-11-14T05:00:00.000Z,False,Louisiana Tech,Southern Miss,0.6461652313427814,Louisiana Tech,0.6461652313427814,2026
401858518,11,2026-11-14T05:00:00.000Z,False,Indiana,USC,0.7213531199811231,Indiana,0.7213531199811231,2026
401858521,11,2026-11-14T05:00:00.000Z,False,Michigan State,Washington,0.30821908491350547,Washington,0.6917809150864945,2026
401856864,11,2026-11-14T05:00:00.000Z,False,Arizona,Utah,0.4318426824960205,Utah,0.5681573175039796,2026
401858523,11,2026-11-14T05:00:00.000Z,False,Oregon,Michigan,0.7337810345331557,Oregon,0.7337810345331557,2026
401871100,11,2026-11-14T05:00:00.000Z,False,South Alabama,Troy,0.5114987017126303,South Alabama,0.5114987017126303,2026
401856862,11,2026-11-14T05:00:00.000Z,False,TCU,Kansas State,0.5066498216400261,TCU,0.5066498216400261,2026
401858520,11,2026-11-14T05:00:00.000Z,False,Maryland,Wisconsin,0.6523843310031648,Maryland,0.6523843310031648,2026
401856857,11,2026-11-14T05:00:00.000Z,False,UCF,Arizona State,0.5512857565238244,UCF,0.5512857565238244,2026
401856889,11,2026-11-14T05:00:00.000Z,False,Vanderbilt,Alabama,0.6511167619964033,Vanderbilt,0.6511167619964033,2026
401856885,11,2026-11-14T05:00:00.000Z,False,LSU,Texas,0.5492395398571696,LSU,0.5492395398571696,2026
401869952,11,2026-11-14T05:00:00.000Z,False,Georgia State,Georgia Southern,0.46386911375026196,Georgia Southern,0.536130886249738,2026
401858300,11,2026-11-14T05:00:00.000Z,False,NC State,Syracuse,0.735722459865548,NC State,0.735722459865548,2026
401858519,11,2026-11-14T05:00:00.000Z,False,Iowa,Purdue,0.7964921114498231,Iowa,0.7964921114498231,2026
401858301,11,2026-11-14T05:00:00.000Z,False,SMU,Wake Forest,0.7058127065602775,SMU,0.7058127065602775,2026
401856886,11,2026-11-14T05:00:00.000Z,False,Mississippi State,Auburn,0.43357958128569213,Auburn,0.5664204187143078,2026
401856882,11,2026-11-14T05:00:00.000Z,False,Arkansas,South Carolina,0.6190963501120691,Arkansas,0.6190963501120691,2026
401862828,11,2026-11-14T05:00:00.000Z,False,Rice,Tulane,0.3328871281760028,Tulane,0.6671128718239971,2026
401856883,11,2026-11-14T05:00:00.000Z,False,Georgia,Missouri,0.6483952322843481,Georgia,0.6483952322843481,2026
401870769,11,2026-11-14T05:00:00.000Z,False,Sam Houston,Kennesaw State,0.36669287031031167,Kennesaw State,0.6333071296896884,2026
401856858,11,2026-11-14T05:00:00.000Z,False,BYU,Baylor,0.6541219439881485,BYU,0.6541219439881485,2026
401856859,11,2026-11-14T05:00:00.000Z,False,Iowa State,Cincinnati,0.6168965129858979,Iowa State,0.6168965129858979,2026
401858296,11,2026-11-14T05:00:00.000Z,False,Miami,Duke,0.7433094553531321,Miami,0.7433094553531321,2026
401856884,11,2026-11-14T05:00:00.000Z,False,Kentucky,Florida,0.49728705057314276,Florida,0.5027129494268572,2026
401858298,11,2026-11-14T05:00:00.000Z,False,North Carolina,Louisville,0.35383403733064256,Louisville,0.6461659626693574,2026
401858297,11,2026-11-14T05:00:00.000Z,False,Clemson,Georgia Tech,0.6327585083913582,Clemson,0.6327585083913582,2026
401862829,11,2026-11-14T05:00:00.000Z,False,Temple,UAB,0.7210008207063024,Temple,0.7210008207063024,2026
401862825,11,2026-11-14T05:00:00.000Z,False,Charlotte,East Carolina,0.1994556485413417,East Carolina,0.8005443514586583,2026
401858295,11,2026-11-14T05:00:00.000Z,False,Virginia,California,0.7210895817748764,Virginia,0.7210895817748764,2026
401856861,11,2026-11-14T05:00:00.000Z,False,West Virginia,Kansas,0.39302104023862555,Kansas,0.6069789597613744,2026
401856863,11,2026-11-14T05:00:00.000Z,False,Oklahoma State,Texas Tech,0.1523965694791154,Texas Tech,0.8476034305208846,2026
401858299,11,2026-11-14T05:00:00.000Z,False,Virginia Tech,Stanford,0.6295025085754945,Virginia Tech,0.6295025085754945,2026
401858524,11,2026-11-14T05:00:00.000Z,False,Penn State,Minnesota,0.8457822533758015,Penn State,0.8457822533758015,2026
401858522,11,2026-11-14T05:00:00.000Z,False,Ohio State,Northwestern,0.8310824530127382,Ohio State,0.8310824530127382,2026
401869928,11,2026-11-14T05:00:00.000Z,False,Marshall,App State,0.678633693464453,Marshall,0.678633693464453,2026
401858525,11,2026-11-14T05:00:00.000Z,False,Rutgers,Nebraska,0.5175635335152905,Rutgers,0.5175635335152905,2026
401871060,11,2026-11-14T05:00:00.000Z,False,Delaware,Florida International,0.559141963956385,Delaware,0.559141963956385,2026
401861967,11,2026-11-14T17:00:00.000Z,False,UConn,James Madison,0.4959066768089286,James Madison,0.5040933231910714,2026
401871061,11,2026-11-14T20:30:00.000Z,False,Liberty,Middle Tennessee,0.6621558988430213,Liberty,0.6621558988430213,2026
401858294,11,2026-11-14T20:30:00.000Z,False,Notre Dame,Boston College,0.8419673932211402,Notre Dame,0.8419673932211402,2026
401860916,11,2026-11-14T21:00:00.000Z,False,Texas State,Fresno State,0.636412360003742,Texas State,0.636412360003742,2026
401860914,11,2026-11-14T23:00:00.000Z,False,Boise State,Oregon State,0.716665629874475,Boise State,0.716665629874475,2026
401864538,11,2026-11-15T00:00:00.000Z,False,Air Force,San José State,0.7310599664475286,Air Force,0.7310599664475286,2026
401864539,11,2026-11-15T00:30:00.000Z,False,New Mexico,UNLV,0.510958588418746,New Mexico,0.510958588418746,2026
401860915,11,2026-11-15T02:30:00.000Z,False,San Diego State,Utah State,0.6513726130335388,San Diego State,0.6513726130335388,2026
401860917,11,2026-11-15T03:30:00.000Z,False,Washington State,Colorado State,0.7591715797912296,Washington State,0.7591715797912296,2026
401866465,12,2026-11-17T05:00:00.000Z,False,Western Michigan,Eastern Michigan,0.6558204792429966,Western Michigan,0.6558204792429966,2026
401866466,12,2026-11-17T05:00:00.000Z,False,Kent State,Miami (OH),0.3027684278227043,Miami (OH),0.6972315721772957,2026
401866464,12,2026-11-17T05:00:00.000Z,False,Ohio,Ball State,0.7533346100043936,Ohio,0.7533346100043936,2026
401866467,12,2026-11-18T05:00:00.000Z,False,Massachusetts,Akron,0.31166971371499413,Akron,0.6883302862850058,2026
401866469,12,2026-11-18T05:00:00.000Z,False,Buffalo,Central Michigan,0.6417827063576431,Buffalo,0.6417827063576431,2026
401869938,12,2026-11-19T05:00:00.000Z,False,Louisiana Tech,Arkansas State,0.6733634752280526,Louisiana Tech,0.6733634752280526,2026
401862830,12,2026-11-20T00:30:00.000Z,False,Temple,Rice,0.7221072007689253,Temple,0.7221072007689253,2026
401856869,12,2026-11-20T23:00:00.000Z,False,UCF,Iowa State,0.45419872292820024,Iowa State,0.5458012770717997,2026
401866468,12,2026-11-21T00:30:00.000Z,False,Toledo,Bowling Green,0.7691362162074529,Toledo,0.7691362162074529,2026
401858303,12,2026-11-21T00:30:00.000Z,False,Duke,Clemson,0.46510591462530076,Clemson,0.5348940853746993,2026
401858529,12,2026-11-21T01:00:00.000Z,False,Michigan State,Oregon,0.24903428628332414,Oregon,0.7509657137166759,2026
401864545,12,2026-11-21T01:00:00.000Z,False,Air Force,UTEP,0.7523050887013041,Air Force,0.7523050887013041,2026
401858310,12,2026-11-21T05:00:00.000Z,False,Georgia Tech,Wake Forest,0.6357663361205148,Georgia Tech,0.6357663361205148,2026
401858534,12,2026-11-21T05:00:00.000Z,False,USC,Maryland,0.7147432886224954,USC,0.7147432886224954,2026
401858535,12,2026-11-21T05:00:00.000Z,False,Washington,Indiana,0.4222504500703409,Indiana,0.5777495499296591,2026
401858530,12,2026-11-21T05:00:00.000Z,False,Minnesota,Northwestern,0.443907952764066,Northwestern,0.556092047235934,2026
401858528,12,2026-11-21T05:00:00.000Z,False,Michigan,UCLA,0.7587357167023168,Michigan,0.7587357167023168,2026
401856872,12,2026-11-21T05:00:00.000Z,False,TCU,Utah,0.3638319550942497,Utah,0.6361680449057503,2026
401856867,12,2026-11-21T05:00:00.000Z,False,Cincinnati,Colorado,0.6817738938388933,Cincinnati,0.6817738938388933,2026
401856865,12,2026-11-21T05:00:00.000Z,False,Kansas State,Arizona,0.553149507017573,Kansas State,0.553149507017573,2026
401858302,12,2026-11-21T05:00:00.000Z,False,Miami,Virginia Tech,0.8457278313257576,Miami,0.8457278313257576,2026
401858306,12,2026-11-21T05:00:00.000Z,False,Louisville,Pittsburgh,0.6091632737870297,Louisville,0.6091632737870297,2026
401858309,12,2026-11-21T05:00:00.000Z,False,Boston College,Syracuse,0.6814298039188161,Boston College,0.6814298039188161,2026
401858305,12,2026-11-21T05:00:00.000Z,False,Virginia,North Carolina,0.7027474668243976,Virginia,0.7027474668243976,2026
401858304,12,2026-11-21T05:00:00.000Z,False,Florida State,NC State,0.6865638241143689,Florida State,0.6865638241143689,2026
401858308,12,2026-11-21T05:00:00.000Z,False,California,Stanford,0.6391212277297295,California,0.6391212277297295,2026
401869929,12,2026-11-21T05:00:00.000Z,False,App State,UL Monroe,0.6958894799745343,App State,0.6958894799745343,2026
401864541,12,2026-11-21T05:00:00.000Z,False,Nevada,Hawai'i,0.46355171357298736,Hawai'i,0.5364482864270126,2026
401856871,12,2026-11-21T05:00:00.000Z,False,Baylor,Texas Tech,0.26568822039653084,Texas Tech,0.7343117796034692,2026
401862836,12,2026-11-21T05:00:00.000Z,False,UAB,UTSA,0.28858873090205434,UTSA,0.7114112690979457,2026
401862833,12,2026-11-21T05:00:00.000Z,False,Florida Atlantic,South Florida,0.3323813299205157,South Florida,0.6676186700794843,2026
401862835,12,2026-11-21T05:00:00.000Z,False,Tulane,North Texas,0.45299096190780436,North Texas,0.5470090380921957,2026
401862832,12,2026-11-21T05:00:00.000Z,False,Tulsa,Charlotte,0.7550230601746561,Tulsa,0.7550230601746561,2026
401856755,12,2026-11-21T05:00:00.000Z,False,Texas,Arkansas,0.5205023290090267,Texas,0.5205023290090267,2026
401856753,12,2026-11-21T05:00:00.000Z,False,South Carolina,Georgia,0.4372802518379582,Georgia,0.5627197481620418,2026
401856870,12,2026-11-21T05:00:00.000Z,False,Arizona State,Oklahoma State,0.6924533969190133,Arizona State,0.6924533969190133,2026
401856751,12,2026-11-21T05:00:00.000Z,False,Missouri,Kentucky,0.7097609636514548,Missouri,0.7097609636514548,2026
401856868,12,2026-11-21T05:00:00.000Z,False,West Virginia,Houston,0.4776481366275108,Houston,0.5223518633724892,2026
401856754,12,2026-11-21T05:00:00.000Z,False,Tennessee,LSU,0.6218647100238847,Tennessee,0.6218647100238847,2026
401856866,12,2026-11-21T05:00:00.000Z,False,Kansas,BYU,0.5240899993965367,Kansas,0.5240899993965367,2026
401871080,12,2026-11-21T05:00:00.000Z,False,Liberty,Western Kentucky,0.5125028373514732,Liberty,0.5125028373514732,2026
401871078,12,2026-11-21T05:00:00.000Z,False,Kennesaw State,Florida International,0.5902667829961452,Kennesaw State,0.5902667829961452,2026
401871081,12,2026-11-21T05:00:00.000Z,False,Sam Houston,Middle Tennessee,0.37524153039943214,Middle Tennessee,0.6247584696005679,2026
401856748,12,2026-11-21T05:00:00.000Z,False,Florida,Vanderbilt,0.4281810562729693,Vanderbilt,0.5718189437270307,2026
401856752,12,2026-11-21T05:00:00.000Z,False,Oklahoma,Texas A&M,0.5530667563376054,Oklahoma,0.5530667563376054,2026
401869958,12,2026-11-21T05:00:00.000Z,False,Marshall,Georgia State,0.7780266701379078,Marshall,0.7780266701379078,2026
401869953,12,2026-11-21T05:00:00.000Z,False,Troy,Georgia Southern,0.6366518301984281,Troy,0.6366518301984281,2026
401871101,12,2026-11-21T05:00:00.000Z,False,Southern Miss,South Alabama,0.5849441558725311,Southern Miss,0.5849441558725311,2026
401871079,12,2026-11-21T05:00:00.000Z,False,Jacksonville State,Missouri State,0.597501809549368,Jacksonville State,0.597501809549368,2026
401871077,12,2026-11-21T05:00:00.000Z,False,New Mexico State,Delaware,0.5607194604364885,New Mexico State,0.5607194604364885,2026
401858533,12,2026-11-21T05:00:00.000Z,False,Purdue,Wisconsin,0.6014295791932798,Purdue,0.6014295791932798,2026
401869946,12,2026-11-21T05:00:00.000Z,False,Louisiana,Coastal Carolina,0.6584016760185328,Louisiana,0.6584016760185328,2026
401858531,12,2026-11-21T05:00:00.000Z,False,Nebraska,Ohio State,0.26067833923587264,Ohio State,0.7393216607641273,2026
401858532,12,2026-11-21T05:00:00.000Z,False,Penn State,Rutgers,0.7989690077152092,Penn State,0.7989690077152092,2026
401858527,12,2026-11-21T05:00:00.000Z,False,Illinois,Iowa,0.43491395773258934,Iowa,0.5650860422674107,2026
401862831,12,2026-11-21T17:00:00.000Z,False,Army,East Carolina,0.4923726131450888,East Carolina,0.5076273868549113,2026
401862834,12,2026-11-21T17:00:00.000Z,False,Navy,Memphis,0.43830849765181057,Memphis,0.5616915023481894,2026
401861968,12,2026-11-21T20:30:00.000Z,False,UConn,Old Dominion,0.58324702872154,UConn,0.58324702872154,2026
401860920,12,2026-11-21T23:00:00.000Z,False,Texas State,Washington State,0.5325227934413514,Texas State,0.5325227934413514,2026
401858307,12,2026-11-22T00:30:00.000Z,False,Notre Dame,SMU,0.704639785424631,Notre Dame,0.704639785424631,2026
401860918,12,2026-11-22T00:30:00.000Z,False,Fresno State,Colorado State,0.6722968556539013,Fresno State,0.6722968556539013,2026
401864544,12,2026-11-22T01:00:00.000Z,False,San José State,UNLV,0.4025401818310109,UNLV,0.5974598181689891,2026
401864542,12,2026-11-22T02:00:00.000Z,False,Wyoming,New Mexico,0.47854479277245887,New Mexico,0.5214552072275411,2026
401860925,12,2026-11-22T02:30:00.000Z,False,Boise State,San Diego State,0.5184061828623037,Boise State,0.5184061828623037,2026
401860919,12,2026-11-22T03:30:00.000Z,False,Oregon State,Utah State,0.44293830726327965,Utah State,0.5570616927367203,2026
401866470,13,2026-11-24T05:00:00.000Z,False,Eastern Michigan,Kent State,0.6812408234803687,Eastern Michigan,0.6812408234803687,2026
401866471,13,2026-11-24T05:00:00.000Z,False,Western Michigan,Miami (OH),0.5114019182755655,Western Michigan,0.5114019182755655,2026
401856879,13,2026-11-27T01:00:00.000Z,False,Texas Tech,TCU,0.8141985417941537,Texas Tech,0.8141985417941537,2026
401862837,13,2026-11-27T05:00:00.000Z,False,East Carolina,Florida Atlantic,0.7209576224237201,East Carolina,0.7209576224237201,2026
401866472,13,2026-11-27T05:00:00.000Z,False,Akron,Buffalo,0.4409600958365357,Buffalo,0.5590399041634643,2026
401866473,13,2026-11-27T05:00:00.000Z,False,Ohio,Toledo,0.34642431750215075,Toledo,0.6535756824978493,2026
401862839,13,2026-11-27T05:00:00.000Z,False,South Florida,Tulane,0.6945021580344414,South Florida,0.6945021580344414,2026
401862838,13,2026-11-27T05:00:00.000Z,False,Memphis,Temple,0.7135735554039577,Memphis,0.7135735554039577,2026
401856762,13,2026-11-27T17:00:00.000Z,False,Ole Miss,Mississippi State,0.7304828801985626,Ole Miss,0.7304828801985626,2026
401858536,13,2026-11-27T17:00:00.000Z,False,Iowa,Nebraska,0.7409602075443636,Iowa,0.7409602075443636,2026
401869930,13,2026-11-27T20:00:00.000Z,False,South Alabama,App State,0.5609298214321679,South Alabama,0.5609298214321679,2026
401856759,13,2026-11-27T20:30:00.000Z,False,Florida State,Florida,0.5973791602876394,Florida State,0.5973791602876394,2026
401856756,13,2026-11-28T00:30:00.000Z,False,Texas A&M,Texas,0.6171515415146875,Texas A&M,0.6171515415146875,2026
401858544,13,2026-11-28T00:30:00.000Z,False,Wisconsin,Minnesota,0.5777237162915844,Wisconsin,0.5777237162915844,2026
401856880,13,2026-11-28T02:00:00.000Z,False,Utah,West Virginia,0.8367687389264198,Utah,0.8367687389264198,2026
401856878,13,2026-11-28T05:00:00.000Z,False,Iowa State,Kansas State,0.5505128426178312,Iowa State,0.5505128426178312,2026
401858316,13,2026-11-28T05:00:00.000Z,False,Stanford,SMU,0.25309872476934486,SMU,0.7469012752306552,2026
401866475,13,2026-11-28T05:00:00.000Z,False,Bowling Green,Massachusetts,0.8266188305084619,Bowling Green,0.8266188305084619,2026
401871063,13,2026-11-28T05:00:00.000Z,False,Missouri State,Liberty,0.441197297028675,Liberty,0.558802702971325,2026
401871083,13,2026-11-28T05:00:00.000Z,False,Middle Tennessee,New Mexico State,0.5917268106620973,Middle Tennessee,0.5917268106620973,2026
401871082,13,2026-11-28T05:00:00.000Z,False,Florida International,Sam Houston,0.7247247999192717,Florida International,0.7247247999192717,2026
401856873,13,2026-11-28T05:00:00.000Z,False,Arizona,Arizona State,0.6813750242118731,Arizona,0.6813750242118731,2026
401869954,13,2026-11-28T05:00:00.000Z,False,Georgia Southern,Louisiana Tech,0.4400162988485782,Louisiana Tech,0.5599837011514218,2026
401864550,13,2026-11-28T05:00:00.000Z,False,Northern Illinois,UTEP,0.5472904693185744,Northern Illinois,0.5472904693185744,2026
401869939,13,2026-11-28T05:00:00.000Z,False,Arkansas State,Troy,0.501418691341421,Arkansas State,0.501418691341421,2026
401862840,13,2026-11-28T05:00:00.000Z,False,UTSA,Tulsa,0.7265117935895685,UTSA,0.7265117935895685,2026
401856761,13,2026-11-28T05:00:00.000Z,False,Kentucky,Louisville,0.4799816529589858,Louisville,0.5200183470410142,2026
401858543,13,2026-11-28T05:00:00.000Z,False,UCLA,USC,0.2759820932737186,USC,0.7240179067262814,2026
401858537,13,2026-11-28T05:00:00.000Z,False,Illinois,Northwestern,0.634912404047623,Illinois,0.634912404047623,2026
401858311,13,2026-11-28T05:00:00.000Z,False,Miami,Boston College,0.8066548715642448,Miami,0.8066548715642448,2026
401856875,13,2026-11-28T05:00:00.000Z,False,Colorado,UCF,0.49856641029393617,UCF,0.5014335897060638,2026
401862842,13,2026-11-28T05:00:00.000Z,False,Charlotte,Navy,0.27308984405264114,Navy,0.7269101559473589,2026
401856764,13,2026-11-28T05:00:00.000Z,False,Clemson,South Carolina,0.5453975327758991,Clemson,0.5453975327758991,2026
401856758,13,2026-11-28T05:00:00.000Z,False,Arkansas,LSU,0.6241039338038405,Arkansas,0.6241039338038405,2026
401858542,13,2026-11-28T05:00:00.000Z,False,Rutgers,Michigan State,0.6146449362158536,Rutgers,0.6146449362158536,2026
401856876,13,2026-11-28T05:00:00.000Z,False,BYU,Cincinnati,0.6483327678112435,BYU,0.6483327678112435,2026
401856877,13,2026-11-28T05:00:00.000Z,False,Oklahoma State,Kansas,0.3438236768562197,Kansas,0.6561763231437803,2026
401871103,13,2026-11-28T05:00:00.000Z,False,Old Dominion,Southern Miss,0.7072752452364145,Old Dominion,0.7072752452364145,2026
401858312,13,2026-11-28T05:00:00.000Z,False,Wake Forest,Duke,0.5218801269019562,Wake Forest,0.5218801269019562,2026
401858313,13,2026-11-28T05:00:00.000Z,False,North Carolina,NC State,0.4642069807480529,NC State,0.5357930192519471,2026
401869947,13,2026-11-28T05:00:00.000Z,False,James Madison,Coastal Carolina,0.8475377878731937,James Madison,0.8475377878731937,2026
401866474,13,2026-11-28T05:00:00.000Z,False,Ball State,Central Michigan,0.38193621327884475,Central Michigan,0.6180637867211553,2026
401870804,13,2026-11-28T05:00:00.000Z,False,Western Kentucky,Kennesaw State,0.7002478631395237,Western Kentucky,0.7002478631395237,2026
401856763,13,2026-11-28T05:00:00.000Z,False,Missouri,Oklahoma,0.5541457876254333,Missouri,0.5541457876254333,2026
401858315,13,2026-11-28T05:00:00.000Z,False,California,Pittsburgh,0.3751680860377931,Pittsburgh,0.6248319139622069,2026
401858317,13,2026-11-28T05:00:00.000Z,False,Virginia Tech,Virginia,0.3853495580491672,Virginia,0.6146504419508327,2026
401858314,13,2026-11-28T05:00:00.000Z,False,Syracuse,Notre Dame,0.16156464413684757,Notre Dame,0.8384353558631524,2026
401861969,13,2026-11-28T05:00:00.000Z,False,Wyoming,UConn,0.40109267297113593,UConn,0.5989073270288641,2026
401858538,13,2026-11-28T05:00:00.000Z,False,Indiana,Purdue,0.8612378181113143,Indiana,0.8612378181113143,2026
401869959,13,2026-11-28T05:00:00.000Z,False,Georgia State,Louisiana,0.4448984683791061,Louisiana,0.5551015316208938,2026
401871102,13,2026-11-28T05:00:00.000Z,False,UL Monroe,Marshall,0.3124604614089168,Marshall,0.6875395385910832,2026
401858541,13,2026-11-28T05:00:00.000Z,False,Oregon,Washington,0.6358809149323735,Oregon,0.6358809149323735,2026
401858539,13,2026-11-28T05:00:00.000Z,False,Maryland,Penn State,0.3188799094334255,Penn State,0.6811200905665745,2026
401856765,13,2026-11-28T05:00:00.000Z,False,Vanderbilt,Tennessee,0.6000022392014018,Vanderbilt,0.6000022392014018,2026
401856757,13,2026-11-28T05:00:00.000Z,False,Alabama,Auburn,0.4916439972543988,Auburn,0.5083560027456012,2026
401862841,13,2026-11-28T05:00:00.000Z,False,Rice,Army,0.33429978006870487,Army,0.6657002199312951,2026
401856874,13,2026-11-28T05:00:00.000Z,False,Houston,Baylor,0.5315228597616934,Houston,0.5315228597616934,2026
401862843,13,2026-11-28T05:00:00.000Z,False,North Texas,UAB,0.8408947187635895,North Texas,0.8408947187635895,2026
401856760,13,2026-11-28T05:00:00.000Z,False,Georgia,Georgia Tech,0.7574268743701523,Georgia,0.7574268743701523,2026
401858540,13,2026-11-28T17:00:00.000Z,False,Ohio State,Michigan,0.7939930041803452,Ohio State,0.7939930041803452,2026
401871062,13,2026-11-28T20:30:00.000Z,False,Delaware,Jacksonville State,0.5315695577678479,Delaware,0.5315695577678479,2026
401864546,13,2026-11-28T21:30:00.000Z,False,New Mexico,Air Force,0.4907923395933356,Air Force,0.5092076604066644,2026
401864548,13,2026-11-29T02:00:00.000Z,False,UNLV,Nevada,0.6962490212995602,UNLV,0.6962490212995602,2026
401862844,15,2026-12-12T20:00:00.000Z,True,Army,Navy,0.5939179811434419,Army,0.5939179811434419,2026
